Suicides,Homicides,len_text,sentiment_score,Income,Pop,DEM_Perc,GOP_Perc,HuntLic,GunsAmmo,avg_own_est
8.42,7.27,150,0.6659175753593445,37952.0,4628981.0,0.371,0.629,0.235137633,-0.205559421,0.418361625
10.34,8.43,116,0.6680682301521301,44509.0,4854803.0,0.38799999999999996,0.612,0.340830801,-0.290597341,0.544806024
10.34,8.43,392,0.6763668060302734,44509.0,4854803.0,0.38799999999999996,0.612,0.340830801,-0.290597341,0.544806024
9.55,6.58,8,0.6805326342582703,35424.0,4452173.0,0.425,0.575,0.243388897,-0.15688276,0.5391565066666667
10.34,8.43,262,0.5774093866348267,44509.0,4854803.0,0.38799999999999996,0.612,0.340830801,-0.290597341,0.544806024
10.34,8.43,577,0.6087018847465515,44509.0,4854803.0,0.38799999999999996,0.612,0.340830801,-0.290597341,0.544806024
10.34,8.43,714,0.6597903966903687,44509.0,4854803.0,0.38799999999999996,0.612,0.340830801,-0.290597341,0.544806024
9.39,9.83,1133,0.6736094355583191,27196.0,4232965.0,0.462,0.5379999999999999,0.244708732,-0.611365934,0.545011063
9.84,7.29,755,0.644576907157898,36266.0,4351037.0,0.46299999999999997,0.537,0.24371378,0.004365336,0.546264369
9.82,6.85,508,0.6678658723831177,47320.0,4831586.0,0.38799999999999996,0.612,0.344331566,-0.172468696,0.598502599
15.57,3.33,1192,0.7402239441871643,45367.0,600624.0,0.434,0.5660000000000001,0.528531807,3.934617582,0.523671224
13.2,4.62,611,0.6181002259254456,51837.0,648414.0,0.321,0.679,0.534675174,3.192350151,0.5751373677666667
16.65,2.27,527,0.6147705316543579,72472.0,737626.0,0.42700000000000005,0.573,0.574725998,1.807937576,0.609210936
12.06,4.04,508,0.6129965782165527,56418.0,675302.0,0.359,0.6409999999999999,0.523205688,2.481006825,0.5680231738
10.94,3.56,128,0.6470687389373779,41802.0,587073.0,0.434,0.5660000000000001,0.528465379,3.669083615,0.6528983234
10.94,3.56,128,0.6470687389373779,41802.0,587073.0,0.434,0.5660000000000001,0.528465379,3.669083615,0.6528983234
15.02,4.46,410,0.6402994394302368,52779.0,604918.0,0.396,0.604,0.563529871,3.428167822,0.564655738
15.57,3.33,1133,0.6736094355583191,45367.0,600624.0,0.434,0.5660000000000001,0.528531807,3.934617582,0.523671224
14.65,4.34,755,0.644576907157898,50692.0,615205.0,0.396,0.604,0.552303921,3.266201217,0.41911213
15.57,3.33,702,0.5382840633392334,45367.0,600624.0,0.434,0.5660000000000001,0.528531807,3.934617582,0.523671224
14.65,4.34,8,0.6805326342582703,50692.0,615205.0,0.396,0.604,0.552303921,3.266201217,0.41911213
15.02,4.46,567,0.6191208958625793,52779.0,604918.0,0.396,0.604,0.563529871,3.428167822,0.564655738
14.98,2.4,96,0.652824342250824,52847.0,627963.0,0.321,0.679,0.544251007,3.188878052,0.483289686
12.59,5.47,44,0.6636411547660828,47954.0,601345.0,0.434,0.5660000000000001,0.554247477,3.690204196,0.5650983299000001
12.37,8.46,54,0.6037020087242126,30863.0,4306908.0,0.48700000000000004,0.513,0.27835351,0.499249438,0.4904256047000001
10.15,4.55,113,0.661733865737915,57100.0,6944767.0,0.478,0.522,0.243218391,0.071987529,0.3799663475
9.69,5.27,50,0.5629048347473145,39783.0,5160586.0,0.467,0.5329999999999999,0.273809177,0.21032852,0.415250331
9.06,5.93,246,0.5699183940887451,43846.0,5652404.0,0.447,0.5529999999999999,0.25612749,0.071288367,0.3721820233333333
9.06,5.93,35,0.6367384791374207,43846.0,5652404.0,0.447,0.5529999999999999,0.25612749,0.071288367,0.3721820233333333
8.45,5.36,35,0.6228311061859131,46914.0,6280362.0,0.457,0.5429999999999999,0.248850089,0.161881522,0.364121603
8.45,5.36,45,0.559592604637146,46914.0,6280362.0,0.457,0.5429999999999999,0.248850089,0.161881522,0.364121603
10.87,6.48,36,0.6286010146141052,31637.0,4432308.0,0.512,0.488,0.267651527,0.318777335,0.3789440779999999
10.11,4.09,450,0.6661998629570007,48621.0,6473416.0,0.457,0.5429999999999999,0.241434687,0.20179737,0.298337446
9.27,6.42,246,0.5699183940887451,46657.0,6029141.0,0.447,0.5529999999999999,0.243212951,0.207519895,0.350953786
10.87,6.48,467,0.6527991890907288,31637.0,4432308.0,0.512,0.488,0.267651527,0.318777335,0.3789440779999999
10.87,6.48,467,0.6527991890907288,31637.0,4432308.0,0.512,0.488,0.267651527,0.318777335,0.3789440779999999
9.44,3.69,368,0.6241278648376465,45739.0,6343154.0,0.457,0.5429999999999999,0.24761532,0.146842367,0.435879906
9.44,3.69,507,0.6862115263938904,45739.0,6343154.0,0.457,0.5429999999999999,0.24761532,0.146842367,0.435879906
9.64,3.31,287,0.7219629287719727,49254.0,6732873.0,0.44799999999999995,0.552,0.236577548,0.136861033,0.368824415
10.99,5.82,755,0.6429322361946106,37090.0,4667277.0,0.512,0.488,0.253215494,0.291716181,0.399501561
12.29,7.38,1133,0.6736094355583191,31293.0,4147560.0,0.48700000000000004,0.513,0.285970711,0.595246727,0.424661512
10.99,5.82,755,0.644576907157898,37090.0,4667277.0,0.512,0.488,0.253215494,0.291716181,0.399501561
12.29,7.38,702,0.5382840633392334,31293.0,4147560.0,0.48700000000000004,0.513,0.285970711,0.595246727,0.424661512
12.29,7.38,105,0.6461915373802185,31293.0,4147560.0,0.48700000000000004,0.513,0.285970711,0.595246727,0.424661512
10.87,6.48,1553,0.7789134979248047,31637.0,4432308.0,0.512,0.488,0.267651527,0.318777335,0.3789440779999999
10.41,8.35,110,0.6485849022865295,25814.0,2480121.0,0.6,0.4,0.424544541,-0.119207994,0.4984585442999999
10.46,8.17,1133,0.6736094355583191,25565.0,2450605.0,0.6,0.4,0.424175822,-0.123750118,0.572602297
9.34,7.61,90,0.6576457023620605,26162.0,2524007.0,0.594,0.406,0.435839609,0.094603968,0.5931901900000001
9.54,6.01,755,0.644576907157898,27665.0,2538202.0,0.594,0.406,0.433909473,0.337556376,0.45380092859999993
9.54,6.01,755,0.644576907157898,27665.0,2538202.0,0.594,0.406,0.433909473,0.337556376,0.45380092859999993
10.46,8.17,702,0.5382840633392334,25565.0,2450605.0,0.6,0.4,0.424175822,-0.123750118,0.572602297
9.34,7.61,67,0.6527626514434814,26162.0,2524007.0,0.594,0.406,0.435839609,0.094603968,0.5931901900000001
10.46,8.17,248,0.5287081599235535,25565.0,2450605.0,0.6,0.4,0.424175822,-0.123750118,0.572602297
9.66,8.22,188,0.537230372428894,23039.0,2423743.0,0.6,0.4,0.363143891,-0.131222821,0.6750961925
9.66,8.22,228,0.5727431178092957,23039.0,2423743.0,0.6,0.4,0.363143891,-0.131222821,0.6750961925
6.91,8.74,251,0.6189785003662109,33664.0,30414114.0,0.48200000000000004,0.518,0.154076373,-0.019359884,0.3525190595
3.99,3.5,729,0.6328539252281189,57020.0,37944551.0,0.607,0.39299999999999996,0.150334464,-1.385960469,0.2720075656666667
6.91,8.74,528,0.7099231481552124,33664.0,30414114.0,0.48200000000000004,0.518,0.154076373,-0.019359884,0.3525190595
6.89,9.21,1371,0.7218130230903625,34903.0,30875920.0,0.585,0.415,0.151101858,-0.102750319,0.4415235905
3.9,3.14,626,0.7012461423873901,60487.0,38586706.0,0.607,0.39299999999999996,0.146260652,-1.477369406,0.187158672
4.45,4.4,620,0.516144871711731,47262.0,34479458.0,0.562,0.43799999999999994,0.156527749,-1.124564832,0.214033918
4.67,4.21,1576,0.6922298669815063,46816.0,33987977.0,0.562,0.43799999999999994,0.157698424,-1.125090262,0.2896049396666666
3.99,3.5,724,0.6446526050567627,57020.0,37944551.0,0.607,0.39299999999999996,0.150334464,-1.385960469,0.2720075656666667
3.96,3.35,175,0.6527830362319946,60794.0,38253768.0,0.607,0.39299999999999996,0.145863724,-1.434835333,0.235708797
3.9,3.14,268,0.5709973573684692,60487.0,38586706.0,0.607,0.39299999999999996,0.146260652,-1.477369406,0.187158672
3.9,3.14,1875,0.7300043702125549,60487.0,38586706.0,0.607,0.39299999999999996,0.146260652,-1.477369406,0.187158672
5.7,5.87,299,0.5822355151176453,39694.0,32217708.0,0.5720000000000001,0.428,0.162568085,-0.844210401,0.335262937
6.91,8.74,251,0.6189785003662109,33664.0,30414114.0,0.48200000000000004,0.518,0.154076373,-0.019359884,0.3525190595
5.7,5.87,299,0.5822355151176453,39694.0,32217708.0,0.5720000000000001,0.428,0.162568085,-0.844210401,0.335262937
5.5,4.62,264,0.5941044092178345,40934.0,32682794.0,0.5720000000000001,0.428,0.097368633,-1.056209347,0.198553994
3.9,3.14,264,0.5941044092178345,60487.0,38586706.0,0.607,0.39299999999999996,0.146260652,-1.477369406,0.187158672
6.91,8.74,450,0.6136948466300964,33664.0,30414114.0,0.48200000000000004,0.518,0.154076373,-0.019359884,0.3525190595
6.77,8.91,556,0.5795917510986328,35331.0,31317179.0,0.585,0.415,0.173162217,-0.094675562,0.234772232
4.5,4.95,158,0.6675508618354797,47437.0,34871843.0,0.562,0.43799999999999994,0.156495978,-1.183212923,0.207165818
4.0,4.86,1526,0.6614004373550415,49222.0,35574576.0,0.55,0.45,0.154942574,-1.062389653,0.2265428045
3.96,3.35,365,0.6026079654693604,60794.0,38253768.0,0.607,0.39299999999999996,0.145863724,-1.434835333,0.235708797
3.96,3.35,365,0.6026079654693604,60794.0,38253768.0,0.607,0.39299999999999996,0.145863724,-1.434835333,0.235708797
3.86,3.69,379,0.6262059807777405,66637.0,39149186.0,0.6509999999999999,0.349,0.160670983,-1.473129582,0.2134341575
3.86,3.69,397,0.6282629370689392,66637.0,39149186.0,0.6509999999999999,0.349,0.160670983,-1.473129582,0.2134341575
3.86,3.69,1371,0.7208500504493713,66637.0,39149186.0,0.6509999999999999,0.349,0.160670983,-1.473129582,0.2134341575
3.86,3.69,1463,0.7384681105613708,66637.0,39149186.0,0.6509999999999999,0.349,0.160670983,-1.473129582,0.2134341575
4.44,4.83,216,0.6190587282180786,49300.0,35253159.0,0.562,0.43799999999999994,0.154670221,-1.104677471,0.215295922
3.78,3.52,348,0.6313179135322571,63636.0,38904296.0,0.607,0.39299999999999996,0.145829198,-1.508137086,0.235507313
6.77,8.91,1133,0.6736094355583191,35331.0,31317179.0,0.585,0.415,0.173162217,-0.094675562,0.234772232
5.5,4.62,755,0.644576907157898,40934.0,32682794.0,0.5720000000000001,0.428,0.097368633,-1.056209347,0.198553994
3.9,3.14,1875,0.7300043702125549,60487.0,38586706.0,0.607,0.39299999999999996,0.146260652,-1.477369406,0.187158672
6.77,8.91,254,0.6230005025863647,35331.0,31317179.0,0.585,0.415,0.173162217,-0.094675562,0.234772232
3.78,3.52,254,0.6230005025863647,63636.0,38904296.0,0.607,0.39299999999999996,0.145829198,-1.508137086,0.235507313
4.67,4.21,1163,0.7237604856491089,46816.0,33987977.0,0.562,0.43799999999999994,0.157698424,-1.125090262,0.2896049396666666
6.45,8.11,596,0.6800138354301453,37009.0,31493525.0,0.585,0.415,0.169532647,-0.332279552,0.4193550939
6.45,8.11,596,0.6800138354301453,37009.0,31493525.0,0.585,0.415,0.169532647,-0.332279552,0.4193550939
3.86,3.69,558,0.6420779228210449,66637.0,39149186.0,0.6509999999999999,0.349,0.160670983,-1.473129582,0.2134341575
4.67,4.21,44,0.6636411547660828,46816.0,33987977.0,0.562,0.43799999999999994,0.157698424,-1.125090262,0.2896049396666666
8.77,2.78,328,0.6294767260551453,50886.0,4575013.0,0.47600000000000003,0.524,0.291173581,0.317154382,0.4108667386666667
8.77,2.78,54,0.6037020087242126,50886.0,4575013.0,0.47600000000000003,0.524,0.291173581,0.317154382,0.4108667386666667
7.88,2.16,868,0.6080595850944519,60943.0,4889730.0,0.546,0.45399999999999996,0.29363851,0.17837838,0.400997196
7.88,2.16,317,0.5577527284622192,60943.0,4889730.0,0.546,0.45399999999999996,0.29363851,0.17837838,0.400997196
10.45,2.65,54,0.6048265099525452,40950.0,3812716.0,0.49200000000000005,0.508,0.324817381,0.380849006,0.4554855555
8.37,1.99,414,0.7076563835144043,58629.0,5121900.0,0.546,0.45399999999999996,0.282643797,0.242816855,0.365323626
7.76,2.12,384,0.6845032572746277,55697.0,4720423.0,0.47600000000000003,0.524,0.304514331,0.23365395,0.385089371
11.05,3.82,1141,0.5803489685058594,34488.0,3560884.0,0.528,0.47200000000000003,0.337619691,0.33394913,0.4493198665
11.05,3.82,103,0.5998411178588867,34488.0,3560884.0,0.528,0.47200000000000003,0.337619691,0.33394913,0.4493198665
11.05,3.82,306,0.5523802638053894,34488.0,3560884.0,0.528,0.47200000000000003,0.337619691,0.33394913,0.4493198665
9.86,3.33,414,0.670155942440033,37833.0,3653910.0,0.528,0.47200000000000003,0.321379755,0.27299844,0.470229772
9.86,3.33,401,0.6725687384605408,37833.0,3653910.0,0.528,0.47200000000000003,0.321379755,0.27299844,0.470229772
9.02,1.99,328,0.6294767260551453,67912.0,5270774.0,0.524,0.47600000000000003,0.283346271,0.386873276,0.502715567
9.02,1.99,411,0.7051237225532532,67912.0,5270774.0,0.524,0.47600000000000003,0.283346271,0.386873276,0.502715567
9.02,1.99,355,0.6104397177696228,67912.0,5270774.0,0.524,0.47600000000000003,0.283346271,0.386873276,0.502715567
9.02,1.99,695,0.6215960383415222,67912.0,5270774.0,0.524,0.47600000000000003,0.283346271,0.386873276,0.502715567
9.86,3.33,1133,0.6736094355583191,37833.0,3653910.0,0.528,0.47200000000000003,0.321379755,0.27299844,0.470229772
8.2,2.62,755,0.644576907157898,46599.0,3968967.0,0.49200000000000005,0.508,0.298953988,0.392318227,0.365952397
8.2,2.62,755,0.644576907157898,46599.0,3968967.0,0.49200000000000005,0.508,0.298953988,0.392318227,0.365952397
9.8,2.17,359,0.6565037369728088,57255.0,5193660.0,0.524,0.47600000000000003,0.283777632,0.250859263,0.4434719926666666
11.05,3.82,296,0.6261626482009888,34488.0,3560884.0,0.528,0.47200000000000003,0.337619691,0.33394913,0.4493198665
11.05,3.82,296,0.6261626482009888,34488.0,3560884.0,0.528,0.47200000000000003,0.337619691,0.33394913,0.4493198665
8.18,2.5,235,0.6238065958023071,49940.0,4528732.0,0.455,0.545,0.293020681,0.324397278,0.395146628
8.28,1.87,698,0.6294084191322327,48240.0,4326921.0,0.455,0.545,0.275683996,0.468087657,0.4544155903333333
3.12,1.67,345,0.6697317361831665,70161.0,3595697.0,0.591,0.409,0.178247315,-0.804620344,0.204234396
4.23,3.23,476,0.6379469633102417,40243.0,3265293.0,0.541,0.45899999999999996,0.210327996,-0.432083348,0.47358771720000004
4.38,4.48,1319,0.7123491764068604,41097.0,3268346.0,0.541,0.45899999999999996,0.209877157,-0.174565612,0.25648198
3.25,2.62,825,0.6714319586753845,50593.0,3282031.0,0.604,0.396,0.201243007,-0.735252815,0.153651657
2.93,3.41,1047,0.6740360260009766,64247.0,3595211.0,0.591,0.409,0.190410676,-0.851575457,0.2163230773333333
4.47,4.53,243,0.6298813819885254,39516.0,3272325.0,0.541,0.45899999999999996,0.208477715,-0.202645063,0.2525392165
4.38,4.48,316,0.6274316310882568,41097.0,3268346.0,0.541,0.45899999999999996,0.209877157,-0.174565612,0.25648198
2.46,1.9,140,0.6021349430084229,69291.0,3595792.0,0.591,0.409,0.184855438,-0.837602909,0.244112606
4.23,3.23,342,0.6703203916549683,40243.0,3265293.0,0.541,0.45899999999999996,0.210327996,-0.432083348,0.47358771720000004
3.12,1.67,345,0.6697317361831665,70161.0,3595697.0,0.591,0.409,0.178247315,-0.804620344,0.204234396
4.38,4.48,532,0.7044185400009155,41097.0,3268346.0,0.541,0.45899999999999996,0.209877157,-0.174565612,0.25648198
4.23,3.23,8,0.6805326342582703,40243.0,3265293.0,0.541,0.45899999999999996,0.210327996,-0.432083348,0.47358771720000004
2.46,1.9,557,0.6199105381965637,69291.0,3595792.0,0.591,0.409,0.184855438,-0.837602909,0.244112606
3.12,1.67,557,0.6199105381965637,70161.0,3595697.0,0.591,0.409,0.178247315,-0.804620344,0.204234396
4.47,4.53,243,0.6298813819885254,39516.0,3272325.0,0.541,0.45899999999999996,0.208477715,-0.202645063,0.2525392165
4.23,3.23,476,0.6379469633102417,40243.0,3265293.0,0.541,0.45899999999999996,0.210327996,-0.432083348,0.47358771720000004
3.25,2.62,2016,0.7925172448158264,50593.0,3282031.0,0.604,0.396,0.201243007,-0.735252815,0.153651657
2.46,1.9,538,0.6716644763946533,69291.0,3595792.0,0.591,0.409,0.184855438,-0.837602909,0.244112606
2.46,1.9,407,0.6450896859169006,69291.0,3595792.0,0.591,0.409,0.184855438,-0.837602909,0.244112606
2.46,1.9,74,0.6977676749229431,69291.0,3595792.0,0.591,0.409,0.184855438,-0.837602909,0.244112606
2.73,1.64,1086,0.6552555561065674,75923.0,3579830.0,0.57,0.43,0.188096983,-0.843627833,0.2589959385
4.38,4.48,636,0.6372988224029541,41097.0,3268346.0,0.541,0.45899999999999996,0.209877157,-0.174565612,0.25648198
2.63,2.86,594,0.6205931901931763,46508.0,3272563.0,0.604,0.396,0.203158816,-0.891303949,0.237468203
3.23,1.93,825,0.6714319586753845,50172.0,3411777.0,0.593,0.40700000000000003,0.199880601,-0.866331375,0.226119667
4.38,4.48,1133,0.6736094355583191,41097.0,3268346.0,0.541,0.45899999999999996,0.209877157,-0.174565612,0.25648198
2.63,2.86,755,0.644576907157898,46508.0,3272563.0,0.604,0.396,0.203158816,-0.891303949,0.237468203
2.46,1.9,937,0.6227033734321594,69291.0,3595792.0,0.591,0.409,0.184855438,-0.837602909,0.244112606
3.25,2.62,909,0.650092601776123,50593.0,3282031.0,0.604,0.396,0.201243007,-0.735252815,0.153651657
2.03,1.99,328,0.6838213205337524,64141.0,3527270.0,0.5529999999999999,0.447,0.186723033,-0.99192604,0.134191039
2.03,1.99,328,0.6838213205337524,64141.0,3527270.0,0.5529999999999999,0.447,0.186723033,-0.99192604,0.134191039
5.94,4.3,434,0.6906114816665649,54091.0,924062.0,0.594,0.406,0.200173933,-0.859887417,0.373201505
6.3,2.45,575,0.6070278882980347,35873.0,708416.0,0.552,0.44799999999999995,0.227930955,-0.874216477,0.445274443
6.3,2.45,672,0.6535865068435669,35873.0,708416.0,0.552,0.44799999999999995,0.227930955,-0.874216477,0.445274443
6.3,2.45,672,0.6535865068435669,35873.0,708416.0,0.552,0.44799999999999995,0.227930955,-0.874216477,0.445274443
6.3,2.45,1153,0.7489322423934937,35873.0,708416.0,0.552,0.44799999999999995,0.227930955,-0.874216477,0.445274443
5.87,4.91,434,0.617567777633667,58046.0,949989.0,0.56,0.44,0.231977338,-0.676873538,0.4406411795
5.94,4.3,434,0.6906114816665649,54091.0,924062.0,0.594,0.406,0.200173933,-0.859887417,0.373201505
6.01,1.58,306,0.6521224975585938,35678.0,690158.0,0.552,0.44799999999999995,0.230990898,-0.980388977,0.42829865400000006
5.67,2.28,364,0.6279226541519165,46628.0,753538.0,0.586,0.414,0.20177409,-0.662384276,0.321388184
5.0,3.55,567,0.7469638586044312,54589.0,871749.0,0.5379999999999999,0.462,0.174059084,-1.017960703,0.270566356
4.36,6.29,401,0.6106545329093933,50702.0,883874.0,0.626,0.374,0.211428647,-1.085394047,0.307587687
6.3,2.45,1153,0.7489322423934937,35873.0,708416.0,0.552,0.44799999999999995,0.227930955,-0.874216477,0.445274443
5.67,2.28,227,0.5704835653305054,46628.0,753538.0,0.586,0.414,0.20177409,-0.662384276,0.321388184
6.3,2.45,1133,0.6736094355583191,35873.0,708416.0,0.552,0.44799999999999995,0.227930955,-0.874216477,0.445274443
4.48,1.95,755,0.644576907157898,41458.0,744066.0,0.586,0.414,0.207717149,-0.93479493,0.290894813
5.87,4.91,434,0.617567777633667,58046.0,949989.0,0.56,0.44,0.231977338,-0.676873538,0.4406411795
5.94,4.3,96,0.652824342250824,54091.0,924062.0,0.594,0.406,0.200173933,-0.859887417,0.373201505
5.94,4.3,191,0.6014289855957031,54091.0,924062.0,0.594,0.406,0.200173933,-0.859887417,0.373201505
5.94,4.3,191,0.6014289855957031,54091.0,924062.0,0.594,0.406,0.200173933,-0.859887417,0.373201505
5.96,3.74,156,0.6263574957847595,42990.0,17842038.0,0.475,0.525,0.132481328,-1.151089188,0.22856100666666665
8.54,6.51,399,0.7057788372039795,29294.0,13961798.0,0.488,0.512,0.152992051,-0.731000458,0.302502507
9.24,7.35,112,0.6138623356819153,27252.0,13289497.0,0.387,0.613,0.161151377,-0.776058639,0.4589816355
8.54,6.51,399,0.7057788372039795,29294.0,13961798.0,0.488,0.512,0.152992051,-0.731000458,0.302502507
7.1,4.56,195,0.5654932856559753,34909.0,14908230.0,0.532,0.46799999999999997,0.145871594,-1.087856383,0.25486946
6.75,4.07,195,0.5966206192970276,38972.0,17004085.0,0.5,0.5,0.135706381,-1.129050294,0.253667045
8.54,6.51,1133,0.6736094355583191,29294.0,13961798.0,0.488,0.512,0.152992051,-0.731000458,0.302502507
7.1,4.56,755,0.644576907157898,34909.0,14908230.0,0.532,0.46799999999999997,0.145871594,-1.087856383,0.25486946
8.41,6.88,407,0.7023885250091553,27349.0,13504775.0,0.488,0.512,0.158441191,-0.836134761,0.43325633120000007
8.41,6.88,407,0.7023885250091553,27349.0,13504775.0,0.488,0.512,0.158441191,-0.836134761,0.43325633120000007
8.81,6.59,501,0.6111471652984619,32496.0,7332225.0,0.494,0.506,0.352268091,-0.86156402,0.4846291004999999
6.75,5.25,292,0.6169269680976868,49344.0,9155813.0,0.41600000000000004,0.584,0.314257025,-0.746681258,0.319583782
9.01,7.68,1105,0.6624816656112671,31467.0,7045900.0,0.503,0.49700000000000005,0.364525228,-0.587808314,0.443899994
8.19,4.99,40,0.6650509238243103,49555.0,10071204.0,0.46,0.54,0.296059582,-0.763474649,0.303801949
9.01,7.68,133,0.550023078918457,31467.0,7045900.0,0.503,0.49700000000000005,0.364525228,-0.587808314,0.443899994
9.01,7.68,275,0.6256688833236694,31467.0,7045900.0,0.503,0.49700000000000005,0.364525228,-0.587808314,0.443899994
8.81,6.59,501,0.6046908497810364,32496.0,7332225.0,0.494,0.506,0.352268091,-0.86156402,0.4846291004999999
6.88,4.78,28,0.6840324997901917,45926.0,8925922.0,0.41600000000000004,0.584,0.312335569,-0.852413499,0.32868610493333333
9.01,7.68,1133,0.6736094355583191,31467.0,7045900.0,0.503,0.49700000000000005,0.364525228,-0.587808314,0.443899994
7.88,5.12,755,0.644576907157898,38665.0,7636522.0,0.494,0.506,0.326242109,-0.832838437,0.447601539
9.01,7.68,702,0.5382840633392334,31467.0,7045900.0,0.503,0.49700000000000005,0.364525228,-0.587808314,0.443899994
8.81,6.59,581,0.5843397378921509,32496.0,7332225.0,0.494,0.506,0.352268091,-0.86156402,0.4846291004999999
9.37,7.62,370,0.709099531173706,28797.0,6759474.0,0.503,0.49700000000000005,0.377545103,-0.656039357,0.5563041532999999
9.37,7.62,370,0.709099531173706,28797.0,6759474.0,0.503,0.49700000000000005,0.377545103,-0.656039357,0.5563041532999999
8.09,5.09,462,0.6228163838386536,39425.0,7788240.0,0.494,0.506,0.320066444,-0.571539136,0.454429608
8.5,6.72,96,0.652824342250824,34099.0,7188538.0,0.503,0.49700000000000005,0.361404922,-0.655835382,0.5124538677
2.88,1.23,787,0.6658741235733032,42113.0,1149926.0,0.5670000000000001,0.433,0.094406245,0.209517132,0.4514110821
2.88,1.23,398,0.6419891119003296,42113.0,1149926.0,0.5670000000000001,0.433,0.094406245,0.209517132,0.4514110821
2.88,1.23,167,0.6487743258476257,42113.0,1149926.0,0.5670000000000001,0.433,0.094406245,0.209517132,0.4514110821
4.27,1.8,156,0.6572823524475098,42255.0,1173903.0,0.5670000000000001,0.433,0.095834821,0.779957473,0.4666355446
4.27,1.8,111,0.6263161301612854,42255.0,1173903.0,0.5670000000000001,0.433,0.095834821,0.779957473,0.4666355446
2.88,1.23,1049,0.6508070230484009,42113.0,1149926.0,0.5670000000000001,0.433,0.094406245,0.209517132,0.4514110821
4.27,1.8,111,0.6263161301612854,42255.0,1173903.0,0.5670000000000001,0.433,0.095834821,0.779957473,0.4666355446
2.88,1.23,167,0.6487743258476257,42113.0,1149926.0,0.5670000000000001,0.433,0.094406245,0.209517132,0.4514110821
4.27,1.8,156,0.6572823524475098,42255.0,1173903.0,0.5670000000000001,0.433,0.095834821,0.779957473,0.4666355446
2.57,1.15,655,0.5702404975891113,42662.0,1161508.0,0.5670000000000001,0.433,0.093903028,0.828494413,0.5295518596
4.27,1.8,1988,0.7684189677238464,42255.0,1173903.0,0.5670000000000001,0.433,0.095834821,0.779957473,0.4666355446
2.98,0.74,361,0.6855669617652893,51546.0,1213519.0,0.603,0.397,0.088727924,-0.82532697,0.3322399735666667
2.98,0.74,219,0.5969938039779663,51546.0,1213519.0,0.603,0.397,0.088727924,-0.82532697,0.3322399735666667
3.69,2.13,1110,0.7115705609321594,42851.0,1180490.0,0.5670000000000001,0.433,0.094510243,0.618045501,0.4800578443000001
4.27,1.8,818,0.6197611093521118,42255.0,1173903.0,0.5670000000000001,0.433,0.095834821,0.779957473,0.4666355446
4.27,1.8,1133,0.6736094355583191,42255.0,1173903.0,0.5670000000000001,0.433,0.095834821,0.779957473,0.4666355446
2.28,0.66,755,0.644576907157898,40827.0,1190472.0,0.643,0.35700000000000004,0.092038136,-0.71648542,0.30973015219999994
2.22,1.48,471,0.7343392372131348,41772.0,1184434.0,0.643,0.35700000000000004,0.094853504,0.320806048,0.48935667260000004
2.98,0.74,361,0.6855669617652893,51546.0,1213519.0,0.603,0.397,0.088727924,-0.82532697,0.3322399735666667
11.74,2.1,938,0.6394701600074768,31536.0,1135459.0,0.40299999999999997,0.597,0.720753911,1.147495862,0.4642755382
10.97,1.43,36,0.669451892375946,36680.0,1230923.0,0.392,0.608,0.77914868,1.258510672,0.43262616080000005
12.79,1.04,754,0.6471978425979614,56564.0,1684036.0,0.318,0.682,0.714829614,1.396697636,0.682871621
11.74,2.1,414,0.6271430850028992,31536.0,1135459.0,0.40299999999999997,0.597,0.720753911,1.147495862,0.4642755382
11.74,2.1,378,0.6301426887512207,31536.0,1135459.0,0.40299999999999997,0.597,0.720753911,1.147495862,0.4642755382
11.74,2.1,414,0.6271430850028992,31536.0,1135459.0,0.40299999999999997,0.597,0.720753911,1.147495862,0.4642755382
11.74,2.1,1133,0.6736094355583191,31536.0,1135459.0,0.40299999999999997,0.597,0.720753911,1.147495862,0.4642755382
10.97,1.43,755,0.644576907157898,36680.0,1230923.0,0.392,0.608,0.77914868,1.258510672,0.43262616080000005
11.74,2.1,305,0.5640000700950623,31536.0,1135459.0,0.40299999999999997,0.597,0.720753911,1.147495862,0.4642755382
10.97,1.43,755,0.644576907157898,36680.0,1230923.0,0.392,0.608,0.77914868,1.258510672,0.43262616080000005
11.74,2.1,702,0.5382840633392334,31536.0,1135459.0,0.40299999999999997,0.597,0.720753911,1.147495862,0.4642755382
11.74,2.1,156,0.6489468812942505,31536.0,1135459.0,0.40299999999999997,0.597,0.720753911,1.147495862,0.4642755382
9.68,0.86,313,0.6369996070861816,47420.0,1534320.0,0.37,0.63,0.723702995,1.082311163,0.50580207
11.08,1.42,434,0.6484314203262329,53438.0,1632248.0,0.336,0.664,0.745507195,1.176458472,0.4476488927999999
3.65,4.54,685,0.5670019388198853,53937.0,12895778.0,0.584,0.41600000000000004,0.319156031,-0.75833475,0.353711374
3.65,4.54,301,0.633098840713501,53937.0,12895778.0,0.584,0.41600000000000004,0.319156031,-0.75833475,0.353711374
3.5,5.3,674,0.6133937239646912,46064.0,12434161.0,0.562,0.43799999999999994,0.259407937,-0.99275831,0.3250621776666667
3.65,4.54,685,0.5670019388198853,53937.0,12895778.0,0.584,0.41600000000000004,0.319156031,-0.75833475,0.353711374
4.08,7.18,713,0.6876055002212524,39554.0,11953003.0,0.596,0.40399999999999997,0.316327636,-0.895800863,0.2783831049999999
3.38,4.9,1185,0.7016018033027649,53254.0,12747038.0,0.627,0.373,0.320991013,-0.875871932,0.193236924
3.05,4.9,1392,0.6976990103721619,52870.0,12796778.0,0.627,0.373,0.320366573,-0.882404891,0.316432592
3.65,4.54,1294,0.7088899612426758,53937.0,12895778.0,0.584,0.41600000000000004,0.319156031,-0.75833475,0.353711374
4.13,8.49,1133,0.6736094355583191,35081.0,11804986.0,0.586,0.414,0.32928804,-0.919881784,0.31124033
3.99,6.21,755,0.644576907157898,43178.0,12069774.0,0.596,0.40399999999999997,0.301534518,-1.076784921,0.22676361
3.65,4.54,685,0.5670019388198853,53937.0,12895778.0,0.584,0.41600000000000004,0.319156031,-0.75833475,0.353711374
4.13,8.49,293,0.6954912543296814,35081.0,11804986.0,0.586,0.414,0.32928804,-0.919881784,0.31124033
3.65,4.54,427,0.6611128449440002,53937.0,12895778.0,0.584,0.41600000000000004,0.319156031,-0.75833475,0.353711374
3.65,4.54,1117,0.7033303380012512,53937.0,12895778.0,0.584,0.41600000000000004,0.319156031,-0.75833475,0.353711374
3.65,4.54,233,0.6584112048149109,53937.0,12895778.0,0.584,0.41600000000000004,0.319156031,-0.75833475,0.353711374
3.65,4.54,233,0.6584112048149109,53937.0,12895778.0,0.584,0.41600000000000004,0.319156031,-0.75833475,0.353711374
6.89,4.18,423,0.7273075580596924,45407.0,6332669.0,0.396,0.604,0.277159188,-0.147396496,0.389799658
7.64,5.31,732,0.6521047353744507,27858.0,5745626.0,0.462,0.5379999999999999,0.339360701,0.014552481,0.472564939
6.16,3.15,223,0.6216306090354919,44445.0,6517250.0,0.505,0.495,0.263936004,-0.081527714,0.39517759
7.64,5.31,312,0.6467424631118774,27858.0,5745626.0,0.462,0.5379999999999999,0.339360701,0.014552481,0.472564939
7.13,4.76,8,0.6805326342582703,39731.0,5907617.0,0.469,0.531,0.325432391,0.110834356,0.431211566
7.64,5.31,312,0.6467424631118774,27858.0,5745626.0,0.462,0.5379999999999999,0.339360701,0.014552481,0.472564939
7.27,3.88,361,0.5743411779403687,41047.0,6155967.0,0.42,0.58,0.308791779,0.047344758,0.380933661
6.55,4.05,658,0.6904001832008362,42437.0,6278616.0,0.396,0.604,0.25922072,-0.043643181,0.4169235514666667
7.64,5.31,1133,0.6736094355583191,27858.0,5745626.0,0.462,0.5379999999999999,0.339360701,0.014552481,0.472564939
7.13,4.76,755,0.644576907157898,39731.0,5907617.0,0.469,0.531,0.325432391,0.110834356,0.431211566
7.27,3.88,398,0.7027387619018555,41047.0,6155967.0,0.42,0.58,0.308791779,0.047344758,0.380933661
6.16,3.15,287,0.5948358774185181,44445.0,6517250.0,0.505,0.495,0.263936004,-0.081527714,0.39517759
5.95,1.04,154,0.606728732585907,50219.0,3066772.0,0.5479999999999999,0.452,0.53007155,0.279277205,0.470663679
5.59,1.15,1507,0.7170287370681763,49016.0,3050819.0,0.5479999999999999,0.452,0.529609932,0.288294065,0.4545825495
6.18,1.0,1133,0.6736094355583191,33079.0,2829422.0,0.537,0.46299999999999997,0.473420473,-0.334805545,0.48461248
4.84,1.37,755,0.644576907157898,37019.0,2861025.0,0.557,0.44299999999999995,0.498770266,0.12397281,0.4400188182
7.51,2.57,325,0.6229991912841797,48497.0,2783785.0,0.371,0.629,0.363183738,0.434785438,0.50371867
7.59,3.35,158,0.6458711624145508,54865.0,2910717.0,0.387,0.613,0.35170957,0.764034793,0.47178022
7.64,2.62,116,0.5529535412788391,45552.0,2762931.0,0.371,0.629,0.368492331,0.380526355,0.407495362
7.37,4.86,95,0.6116135120391846,28322.0,2569118.0,0.465,0.535,0.243697775,0.664999941,0.497403852
7.94,2.9,151,0.6465198397636414,46147.0,2869677.0,0.424,0.5760000000000001,0.359504849,0.601355265,0.461705555
7.37,4.86,1133,0.6736094355583191,28322.0,2569118.0,0.465,0.535,0.243697775,0.664999941,0.497403852
7.66,4.02,755,0.644576907157898,36711.0,2638667.0,0.39899999999999997,0.601,0.365417875,0.682429442,0.39297306
7.37,4.86,702,0.5382840633392334,28322.0,2569118.0,0.465,0.535,0.243697775,0.664999941,0.497403852
7.66,4.02,8,0.6805326342582703,36711.0,2638667.0,0.39899999999999997,0.601,0.365417875,0.682429442,0.39297306
6.72,2.24,454,0.7135676145553589,42027.0,2745299.0,0.371,0.629,0.380298395,0.401028338,0.4100575680333334
7.51,2.57,378,0.6633878946304321,48497.0,2783785.0,0.371,0.629,0.363183738,0.434785438,0.50371867
8.77,3.67,96,0.6314620971679688,32413.0,3881051.0,0.505,0.495,0.357983868,-0.229946832,0.5472987985
8.91,2.68,293,0.60794997215271,39485.0,4219239.0,0.4,0.6,0.375117069,0.061052793,0.428726132
9.83,4.19,666,0.5577420592308044,26595.0,3823215.0,0.519,0.48100000000000004,0.358423311,-0.526680912,0.565914949
9.83,4.19,111,0.6146981716156006,26595.0,3823215.0,0.519,0.48100000000000004,0.358423311,-0.526680912,0.565914949
9.83,4.19,578,0.6197840571403503,26595.0,3823215.0,0.519,0.48100000000000004,0.358423311,-0.526680912,0.565914949
9.83,4.19,1133,0.6736094355583191,26595.0,3823215.0,0.519,0.48100000000000004,0.358423311,-0.526680912,0.565914949
9.49,4.29,755,0.644576907157898,36252.0,3934310.0,0.505,0.495,0.380889344,0.182662218,0.570738863
9.83,4.19,702,0.5382840633392334,26595.0,3823215.0,0.519,0.48100000000000004,0.358423311,-0.526680912,0.565914949
9.49,4.29,8,0.6805326342582703,36252.0,3934310.0,0.505,0.495,0.380889344,0.182662218,0.570738863
9.04,13.43,311,0.5682927966117859,30262.0,4338763.0,0.5660000000000001,0.434,0.242025521,-0.82705625,0.4228817274999999
7.69,10.01,133,0.6161684989929199,36488.0,4302665.0,0.42700000000000005,0.573,0.363328348,-0.609885762,0.443907064
8.95,7.52,209,0.5701295733451843,32654.0,4372035.0,0.5660000000000001,0.434,0.363111575,-0.668872288,0.491883057
9.18,9.13,621,0.5980355143547058,42406.0,4645938.0,0.41200000000000003,0.588,0.359435297,-0.721171579,0.445944937
9.89,16.19,1133,0.6736094355583191,25676.0,4306500.0,0.527,0.473,0.350455856,-1.041355316,0.538665322
7.97,9.66,755,0.644576907157898,31735.0,4362758.0,0.5660000000000001,0.434,0.363413766,-0.662264688,0.373942497
9.89,16.19,702,0.5382840633392334,25676.0,4306500.0,0.527,0.473,0.350455856,-1.041355316,0.538665322
7.97,9.66,8,0.6805326342582703,31735.0,4362758.0,0.5660000000000001,0.434,0.363413766,-0.662264688,0.373942497
9.04,13.43,188,0.6282805800437927,30262.0,4338763.0,0.5660000000000001,0.434,0.242025521,-0.82705625,0.4228817274999999
9.7,16.15,504,0.6853681206703186,26312.0,4284749.0,0.527,0.473,0.353715023,-1.046695882,0.5864066855000001
9.7,16.15,504,0.6853681206703186,26312.0,4284749.0,0.527,0.473,0.353715023,-1.046695882,0.5864066855000001
8.64,1.14,566,0.6231930255889893,50756.0,1329098.0,0.578,0.42200000000000004,0.406261381,0.350455846,0.488383346
5.15,0.5,141,0.611078679561615,37113.0,1306513.0,0.527,0.473,0.40841496,0.233033637,0.453414015
6.3,0.85,651,0.5731133818626404,32772.0,1245215.0,0.627,0.373,0.368079151,-0.201114923,0.461687403
5.92,0.62,205,0.6500115394592285,36853.0,1295960.0,0.527,0.473,0.40337074,0.295530314,0.414889428
5.15,0.5,1169,0.709867537021637,37113.0,1306513.0,0.527,0.473,0.40841496,0.233033637,0.453414015
7.47,1.05,319,0.6455544233322144,47502.0,1329590.0,0.588,0.41200000000000003,0.41927531,0.505982969,0.483024092
7.75,1.63,1133,0.6736094355583191,30316.0,1237687.0,0.561,0.439,0.378285936,0.041205944,0.4663301312
8.3,0.89,755,0.644576907157898,35640.0,1247554.0,0.627,0.373,0.35831533,-0.199355122,0.4059977154
7.75,1.63,702,0.5382840633392334,30316.0,1237687.0,0.561,0.439,0.378285936,0.041205944,0.4663301312
8.3,0.89,8,0.6805326342582703,35640.0,1247554.0,0.627,0.373,0.35831533,-0.199355122,0.4059977154
5.32,8.51,430,0.6526687741279602,43993.0,5057142.0,0.586,0.414,0.194681872,-0.781648654,0.2185660245
5.2,8.85,238,0.5961883068084717,37203.0,4902545.0,0.583,0.41700000000000004,0.208037579,-0.567203744,0.4628517893
4.37,7.31,235,0.6285709142684937,52314.0,5496269.0,0.585,0.415,0.219386158,-0.790821233,0.234818852
6.01,8.75,141,0.6590539216995239,39198.0,4985411.0,0.583,0.41700000000000004,0.196354097,-0.619270049,0.317642894
4.1,5.15,82,0.6805890798568726,69353.0,5925197.0,0.628,0.37200000000000005,0.0,-1.347434079,0.265360831
5.32,8.51,136,0.584721565246582,43993.0,5057142.0,0.586,0.414,0.194681872,-0.781648654,0.2185660245
5.31,8.15,110,0.6417337656021118,46685.0,5092914.0,0.586,0.414,0.191663835,-0.799297989,0.360287184
5.32,8.51,1089,0.6687293648719788,43993.0,5057142.0,0.586,0.414,0.194681872,-0.781648654,0.2185660245
5.32,8.51,1081,0.6206183433532715,43993.0,5057142.0,0.586,0.414,0.194681872,-0.781648654,0.2185660245
4.1,5.15,229,0.5854411125183105,69353.0,5925197.0,0.628,0.37200000000000005,0.0,-1.347434079,0.265360831
4.1,5.15,346,0.6130886077880859,69353.0,5925197.0,0.628,0.37200000000000005,0.0,-1.347434079,0.265360831
5.32,8.51,115,0.636440634727478,43993.0,5057142.0,0.586,0.414,0.194681872,-0.781648654,0.2185660245
4.26,5.61,166,0.6013461947441101,64186.0,5730388.0,0.629,0.371,0.223700273,-1.137995221,0.212613284
4.1,5.15,378,0.6101035475730896,69353.0,5925197.0,0.628,0.37200000000000005,0.0,-1.347434079,0.265360831
4.1,5.15,509,0.6937838196754456,69353.0,5925197.0,0.628,0.37200000000000005,0.0,-1.347434079,0.265360831
4.1,5.15,122,0.6243017911911011,69353.0,5925197.0,0.628,0.37200000000000005,0.0,-1.347434079,0.265360831
6.01,8.75,1133,0.6736094355583191,39198.0,4985411.0,0.583,0.41700000000000004,0.196354097,-0.619270049,0.317642894
5.12,7.59,755,0.644576907157898,50016.0,5130072.0,0.586,0.414,0.192331831,-0.859559765,0.199101943
5.32,8.51,248,0.6479352116584778,43993.0,5057142.0,0.586,0.414,0.194681872,-0.781648654,0.2185660245
4.1,5.15,152,0.6601203083992004,69353.0,5925197.0,0.628,0.37200000000000005,0.0,-1.347434079,0.265360831
2.39,1.03,377,0.6543158292770386,42345.0,6144407.0,0.6859999999999999,0.314,0.195986093,-1.597523252,0.169080838
2.39,1.03,365,0.5958170294761658,42345.0,6144407.0,0.6859999999999999,0.314,0.195986093,-1.597523252,0.169080838
2.39,1.03,958,0.5698255896568298,42345.0,6144407.0,0.6859999999999999,0.314,0.195986093,-1.597523252,0.169080838
2.39,1.03,575,0.5041462779045105,42345.0,6144407.0,0.6859999999999999,0.314,0.195986093,-1.597523252,0.169080838
2.39,1.03,365,0.5958170294761658,42345.0,6144407.0,0.6859999999999999,0.314,0.195986093,-1.597523252,0.169080838
2.48,2.33,2220,0.7485107779502869,40500.0,6031352.0,0.621,0.379,0.206918858,-1.465318007,0.196310747
2.48,2.33,1224,0.6916584372520447,40500.0,6031352.0,0.621,0.379,0.206918858,-1.465318007,0.196310747
1.59,1.26,987,0.6384031772613525,67861.0,6797484.0,0.617,0.38299999999999995,0.185203677,-1.435065335,0.2076735
1.59,1.26,685,0.6742355227470398,67861.0,6797484.0,0.617,0.38299999999999995,0.185203677,-1.435065335,0.2076735
2.48,2.33,1133,0.6736094355583191,40500.0,6031352.0,0.621,0.379,0.206918858,-1.465318007,0.196310747
2.39,1.03,755,0.644576907157898,42345.0,6144407.0,0.6859999999999999,0.314,0.195986093,-1.597523252,0.169080838
5.44,5.03,289,0.6747607588768005,45047.0,9991120.0,0.526,0.474,0.473236167,-0.229426902,0.38629928
5.8,5.5,266,0.6604424715042114,48647.0,10036081.0,0.517,0.483,0.461430785,-0.004437242,0.381263173
7.21,7.95,134,0.6281546354293823,32117.0,9395022.0,0.46,0.54,0.467120683,-0.360289309,0.5186955355
7.21,7.95,204,0.519167423248291,32117.0,9395022.0,0.46,0.54,0.467120683,-0.360289309,0.5186955355
7.21,7.95,134,0.6281546354293823,32117.0,9395022.0,0.46,0.54,0.467120683,-0.360289309,0.5186955355
7.21,7.95,287,0.6606120467185974,32117.0,9395022.0,0.46,0.54,0.467120683,-0.360289309,0.5186955355
7.21,7.95,287,0.6606120467185974,32117.0,9395022.0,0.46,0.54,0.467120683,-0.360289309,0.5186955355
5.79,4.94,1743,0.7502756714820862,42715.0,10015710.0,0.526,0.474,0.472101637,-0.065379331,0.3725906445
5.79,4.94,111,0.6799083352088928,42715.0,10015710.0,0.526,0.474,0.472101637,-0.065379331,0.3725906445
6.3,7.47,1133,0.6736094355583191,35284.0,9584481.0,0.546,0.45399999999999996,0.450317986,-0.464771319,0.447829221
5.64,5.12,755,0.644576907157898,41821.0,9820231.0,0.573,0.42700000000000005,0.488974168,-0.078122945,0.381942724
5.44,5.03,199,0.6604146361351013,45047.0,9991120.0,0.526,0.474,0.473236167,-0.229426902,0.38629928
7.21,7.95,166,0.6191592812538147,32117.0,9395022.0,0.46,0.54,0.467120683,-0.360289309,0.5186955355
7.21,7.95,104,0.6396830677986145,32117.0,9395022.0,0.46,0.54,0.467120683,-0.360289309,0.5186955355
7.21,7.95,104,0.6396830677986145,32117.0,9395022.0,0.46,0.54,0.467120683,-0.360289309,0.5186955355
4.79,1.46,653,0.6307485699653625,52823.0,5053572.0,0.513,0.48700000000000004,0.522482249,0.201395981,0.428399228
5.22,1.76,303,0.6624402403831482,33682.0,4521709.0,0.5770000000000001,0.423,0.481067578,-0.487074922,0.447216683
5.22,1.76,65,0.686849057674408,33682.0,4521709.0,0.5770000000000001,0.423,0.481067578,-0.487074922,0.447216683
5.43,1.97,174,0.6010019779205322,33644.0,4566028.0,0.5770000000000001,0.423,0.467808231,-0.475205195,0.439899599
5.33,1.11,646,0.7576701045036316,67244.0,5452665.0,0.539,0.461,0.522012404,0.134814404,0.293939083
5.43,1.97,1133,0.6736094355583191,33644.0,4566028.0,0.5770000000000001,0.423,0.467808231,-0.475205195,0.439899599
5.09,1.13,755,0.644576907157898,47926.0,4726411.0,0.594,0.406,0.462179809,0.049963089,0.383814533
8.71,9.82,343,0.6452677249908447,41099.0,2990595.0,0.405,0.595,0.337964941,-0.532068359,0.569575154
7.65,7.76,258,0.5976900458335876,34733.0,2904978.0,0.401,0.599,0.284187871,-0.276090664,0.3601627398
9.15,12.39,316,0.6728530526161194,25400.0,2663450.0,0.451,0.5489999999999999,0.308383122,-1.025806194,0.537482648
9.15,12.39,120,0.6218077540397644,25400.0,2663450.0,0.451,0.5489999999999999,0.308383122,-1.025806194,0.537482648
9.15,12.39,1133,0.6736094355583191,25400.0,2663450.0,0.451,0.5489999999999999,0.308383122,-1.025806194,0.537482648
8.76,8.01,755,0.644576907157898,29120.0,2751335.0,0.473,0.527,0.294585447,-0.101233857,0.434702718
9.15,12.39,702,0.5382840633392334,25400.0,2663450.0,0.451,0.5489999999999999,0.308383122,-1.025806194,0.537482648
8.76,8.01,8,0.6805326342582703,29120.0,2751335.0,0.473,0.527,0.294585447,-0.101233857,0.434702718
8.85,7.65,1245,0.7117602229118347,41090.0,2979147.0,0.434,0.5660000000000001,0.266686883,-0.417270445,0.537739768
10.89,10.33,307,0.6326512098312378,19475.0,2591230.0,0.395,0.605,0.318222409,-1.305228862,0.623782991
9.15,12.39,427,0.7005590796470642,25400.0,2663450.0,0.451,0.5489999999999999,0.308383122,-1.025806194,0.537482648
9.15,12.39,427,0.7005590796470642,25400.0,2663450.0,0.451,0.5489999999999999,0.308383122,-1.025806194,0.537482648
7.47,4.6,10,0.7091407775878906,46005.0,5887612.0,0.46399999999999997,0.536,0.531210435,0.328454315,0.469239032
7.47,4.6,10,0.7091407775878906,46005.0,5887612.0,0.46399999999999997,0.536,0.531210435,0.328454315,0.469239032
6.67,4.46,282,0.6891767978668213,42137.0,5747741.0,0.46399999999999997,0.536,0.442469997,0.209118531,0.4724119203333333
10.26,8.03,164,0.6199826002120972,55016.0,6091384.0,0.39899999999999997,0.601,0.536197292,0.680884463,0.5562559254999999
7.47,4.6,94,0.6453019976615906,46005.0,5887612.0,0.46399999999999997,0.536,0.531210435,0.328454315,0.469239032
7.47,4.6,577,0.7077023386955261,46005.0,5887612.0,0.46399999999999997,0.536,0.531210435,0.328454315,0.469239032
7.47,4.6,8,0.6805326342582703,46005.0,5887612.0,0.46399999999999997,0.536,0.531210435,0.328454315,0.469239032
8.71,5.38,304,0.668209433555603,49764.0,6026027.0,0.451,0.5489999999999999,0.532493597,0.759524312,0.519972625
7.47,4.6,10,0.7091407775878906,46005.0,5887612.0,0.46399999999999997,0.536,0.531210435,0.328454315,0.469239032
6.87,6.23,126,0.6124466061592102,46038.0,5923916.0,0.499,0.501,0.529093557,0.40492517,0.489980671
7.47,4.6,10,0.7091407775878906,46005.0,5887612.0,0.46399999999999997,0.536,0.531210435,0.328454315,0.469239032
9.33,8.09,1133,0.6736094355583191,30190.0,5281206.0,0.565,0.435,0.434142415,0.059977046,0.48918683
7.66,5.12,755,0.644576907157898,40201.0,5437562.0,0.535,0.465,0.439360757,0.251508571,0.462148327
7.47,4.6,10,0.7091407775878906,46005.0,5887612.0,0.46399999999999997,0.536,0.531210435,0.328454315,0.469239032
7.07,3.88,1112,0.7422707676887512,43762.0,5709403.0,0.483,0.517,0.453776319,0.166872288,0.457308906
7.69,4.92,96,0.652824342250824,45097.0,5607285.0,0.483,0.517,0.435808479,0.091083678,0.4756636386666666
6.67,4.46,44,0.6636411547660828,42137.0,5747741.0,0.46399999999999997,0.536,0.442469997,0.209118531,0.4724119203333333
10.9,1.32,54,0.6037020087242126,33956.0,930009.0,0.395,0.605,0.938712267,2.427317465,0.6067851165
13.27,1.69,54,0.6048265099525452,42900.0,976415.0,0.488,0.512,0.956858352,2.57303317,0.6062765304
13.27,1.69,645,0.5374100804328918,42900.0,976415.0,0.488,0.512,0.956858352,2.57303317,0.6062765304
14.03,2.88,397,0.7026412487030029,28684.0,876656.0,0.483,0.517,0.894564295,2.399865922,0.5789830055
14.71,1.15,69,0.6272509098052979,40277.0,997518.0,0.488,0.512,0.959378879,2.512360914,0.523532296
10.38,1.19,37,0.6243207454681396,41105.0,952692.0,0.395,0.605,0.955521981,2.728939768,0.5723225193999999
15.27,2.63,1452,0.7745577096939087,27757.0,868522.0,0.517,0.483,0.905851713,2.070483098,0.5246965638000001
15.27,2.63,1411,0.7218119502067566,27757.0,868522.0,0.517,0.483,0.905851713,2.070483098,0.5246965638000001
15.27,2.63,172,0.6742030382156372,27757.0,868522.0,0.517,0.483,0.905851713,2.070483098,0.5246965638000001
13.81,2.09,1133,0.6736094355583191,27631.0,854923.0,0.517,0.483,0.908623922,2.095529524,0.558806409
11.08,1.58,755,0.644576907157898,31577.0,879533.0,0.483,0.517,0.812539086,2.047912348,0.617781155
13.81,2.09,702,0.5382840633392334,27631.0,854923.0,0.517,0.483,0.908623922,2.095529524,0.558806409
11.08,1.58,8,0.6805326342582703,31577.0,879533.0,0.483,0.517,0.812539086,2.047912348,0.617781155
15.27,2.63,122,0.7110095620155334,27757.0,868522.0,0.517,0.483,0.905851713,2.070483098,0.5246965638000001
7.39,1.93,996,0.6182805299758911,29549.0,1590805.0,0.395,0.605,0.453139402,0.23765754,0.628525315
7.39,1.93,291,0.6560877561569214,29549.0,1590805.0,0.395,0.605,0.453139402,0.23765754,0.628525315
4.91,2.49,412,0.639797031879425,49174.0,1783440.0,0.332,0.6679999999999999,0.440145899,0.324338147,0.533507731
7.39,1.93,539,0.7228554487228394,29549.0,1590805.0,0.395,0.605,0.453139402,0.23765754,0.628525315
7.39,1.93,105,0.6246107816696167,29549.0,1590805.0,0.395,0.605,0.453139402,0.23765754,0.628525315
6.51,2.04,667,0.6219555735588074,31794.0,1621551.0,0.387,0.613,0.443129463,0.210396105,0.4698987268
7.39,1.93,1169,0.6825001835823059,29549.0,1590805.0,0.395,0.605,0.453139402,0.23765754,0.628525315
6.51,2.04,667,0.6219555735588074,31794.0,1621551.0,0.387,0.613,0.443129463,0.210396105,0.4698987268
5.71,1.71,394,0.7218837141990662,48145.0,1772693.0,0.332,0.6679999999999999,0.442233245,0.329074387,0.3676908728
6.16,2.6,283,0.6331443786621094,52196.0,1853691.0,0.384,0.616,0.455469883,0.396867095,0.466815573
6.16,2.6,521,0.6571705937385559,52196.0,1853691.0,0.384,0.616,0.455469883,0.396867095,0.466815573
6.51,2.04,1133,0.6736094355583191,31794.0,1621551.0,0.387,0.613,0.443129463,0.210396105,0.4698987268
6.82,1.95,755,0.644576907157898,36413.0,1660772.0,0.39399999999999996,0.606,0.454030268,0.252126413,0.4668527624
7.39,1.93,996,0.6182805299758911,29549.0,1590805.0,0.395,0.605,0.453139402,0.23765754,0.628525315
4.92,1.34,263,0.6039124131202698,43786.0,1749370.0,0.332,0.6679999999999999,0.440018817,0.41941392,0.4947901875
6.51,2.04,210,0.6709980368614197,31794.0,1621551.0,0.387,0.613,0.443129463,0.210396105,0.4698987268
5.02,1.8,570,0.6048062443733215,49595.0,1812683.0,0.424,0.5760000000000001,0.460790412,0.434206855,0.488849361
6.51,2.04,369,0.6757439970970154,31794.0,1621551.0,0.387,0.613,0.443129463,0.210396105,0.4698987268
5.02,1.8,696,0.6900416016578674,49595.0,1812683.0,0.424,0.5760000000000001,0.460790412,0.434206855,0.488849361
17.12,6.8,680,0.6432588696479797,36084.0,1525777.0,0.518,0.48200000000000004,0.232570696,1.178307525,0.4637562591
9.68,3.18,207,0.6276904344558716,47043.0,2713114.0,0.564,0.436,0.197623029,0.201225969,0.308443177
17.46,7.15,863,0.6528424620628357,32937.0,1285046.0,0.392,0.608,0.269511031,1.203719412,0.673052528
17.12,6.8,378,0.6890026926994324,36084.0,1525777.0,0.518,0.48200000000000004,0.232570696,1.178307525,0.4637562591
15.57,6.13,1594,0.7621392607688904,38854.0,1675581.0,0.506,0.494,0.21642165,0.796678382,0.544995377
17.12,6.8,378,0.6890026926994324,36084.0,1525777.0,0.518,0.48200000000000004,0.232570696,1.178307525,0.4637562591
11.43,5.03,137,0.62773597240448,45184.0,2248850.0,0.48100000000000004,0.519,0.183724211,0.213118946,0.377492819
11.43,5.03,137,0.62773597240448,45184.0,2248850.0,0.48100000000000004,0.519,0.183724211,0.213118946,0.377492819
10.34,5.03,1329,0.7251068353652954,54058.0,2601072.0,0.48700000000000004,0.513,0.20001261,0.307176613,0.44650103
9.48,4.49,228,0.6149722337722778,52008.0,2868531.0,0.5329999999999999,0.467,0.202738498,0.166582876,0.400815285
15.57,6.13,1594,0.7621392607688904,38854.0,1675581.0,0.506,0.494,0.21642165,0.796678382,0.544995377
15.04,7.19,1133,0.6736094355583191,35871.0,1456388.0,0.518,0.48200000000000004,0.226080058,1.208158532,0.44867139759999997
13.26,6.26,755,0.644576907157898,39756.0,1743772.0,0.506,0.494,0.221137963,0.901564903,0.4117751142
17.12,6.8,306,0.700861394405365,36084.0,1525777.0,0.518,0.48200000000000004,0.232570696,1.178307525,0.4637562591
7.23,0.59,364,0.6026255488395691,39171.0,1145604.0,0.508,0.49200000000000005,0.329018931,-0.36563993,0.4404380749
5.03,0.78,212,0.6334879398345947,65880.0,1320444.0,0.5489999999999999,0.451,0.375193077,0.35800325,0.476109654
6.28,0.7,325,0.6362666487693787,51331.0,1255517.0,0.493,0.507,0.403731331,-0.155701097,0.289490032
7.23,0.59,427,0.5877936482429504,39171.0,1145604.0,0.508,0.49200000000000005,0.329018931,-0.36563993,0.4404380749
5.33,0.63,856,0.5886037945747375,50926.0,1239882.0,0.493,0.507,0.414655465,-0.170041161,0.4142377875
5.33,0.63,1852,0.7710361480712891,50926.0,1239882.0,0.493,0.507,0.414655465,-0.170041161,0.4142377875
6.38,1.31,1133,0.6736094355583191,35245.0,1133054.0,0.508,0.49200000000000005,0.32758059,0.245385934,0.46989872680000006
7.02,0.33,755,0.644576907157898,44958.0,1185823.0,0.556,0.444,0.341875226,-0.291686004,0.3842182276
6.38,1.31,702,0.5382840633392334,35245.0,1133054.0,0.508,0.49200000000000005,0.32758059,0.245385934,0.46989872680000006
7.23,0.59,349,0.6232538819313049,39171.0,1145604.0,0.508,0.49200000000000005,0.329018931,-0.36563993,0.4404380749
5.33,0.63,262,0.655153751373291,50926.0,1239882.0,0.493,0.507,0.414655465,-0.170041161,0.4142377875
4.13,0.82,793,0.62168949842453,56815.0,1290121.0,0.507,0.493,0.387987039,-0.296849319,0.3406480205
2.21,2.67,493,0.6364130973815918,39000.0,7827770.0,0.514,0.486,0.197372186,-1.398975494,0.29903000479999997
1.92,2.3,344,0.6117455959320068,51771.0,8492671.0,0.5820000000000001,0.418,0.169831539,-1.656746791,0.11669447
1.92,2.3,226,0.5392605066299438,51771.0,8492671.0,0.5820000000000001,0.418,0.169831539,-1.656746791,0.11669447
1.86,2.74,978,0.6939110159873962,64777.0,8755602.0,0.579,0.42100000000000004,0.176757776,-1.843219572,0.122503138
2.08,3.1,1555,0.7369118928909302,55275.0,8634561.0,0.534,0.466,0.180888038,-1.56922988,0.1178189253333333
2.08,3.1,824,0.6013339161872864,55275.0,8634561.0,0.534,0.466,0.180888038,-1.56922988,0.1178189253333333
2.3,2.71,1133,0.6736094355583191,42280.0,7918796.0,0.514,0.486,0.196651229,-1.486082399,0.150907307
2.57,2.06,755,0.644576907157898,49826.0,8095542.0,0.6,0.4,0.190483494,-1.893376663,0.154083924
2.08,3.1,567,0.7018453478813171,55275.0,8634561.0,0.534,0.466,0.180888038,-1.56922988,0.1178189253333333
2.21,2.67,302,0.6061291694641113,39000.0,7827770.0,0.514,0.486,0.197372186,-1.398975494,0.29903000479999997
2.21,2.67,302,0.6061291694641113,39000.0,7827770.0,0.514,0.486,0.197372186,-1.398975494,0.29903000479999997
2.21,2.67,302,0.6061291694641113,39000.0,7827770.0,0.514,0.486,0.197372186,-1.398975494,0.29903000479999997
1.88,2.94,216,0.6115939617156982,65306.0,8711090.0,0.579,0.42100000000000004,0.1772088,-1.840063974,0.076028006
1.88,2.94,216,0.6115939617156982,65306.0,8711090.0,0.579,0.42100000000000004,0.1772088,-1.840063974,0.076028006
10.26,4.27,1368,0.6792815923690796,39562.0,1903808.0,0.498,0.502,0.44646562,0.254093381,0.3748745293333333
12.13,6.25,1194,0.5890422463417053,26905.0,1653329.0,0.551,0.449,0.365134595,0.053806517,0.4663301312
12.13,6.25,1133,0.6736094355583191,26905.0,1653329.0,0.551,0.449,0.365134595,0.053806517,0.4663301312
9.96,5.23,755,0.644576907157898,31543.0,1733535.0,0.54,0.46,0.393323432,0.150540668,0.45746525479999994
12.13,6.25,702,0.5382840633392334,26905.0,1653329.0,0.551,0.449,0.365134595,0.053806517,0.4663301312
9.96,5.23,8,0.6805326342582703,31543.0,1733535.0,0.54,0.46,0.393323432,0.150540668,0.45746525479999994
11.41,4.64,243,0.6052109599113464,35105.0,1877574.0,0.5,0.5,0.388955928,0.257503857,0.378907712
11.46,4.83,284,0.7024149298667908,26758.0,1614937.0,0.551,0.449,0.294362332,0.086981429,0.494560503
11.46,4.83,284,0.7024149298667908,26758.0,1614937.0,0.551,0.449,0.294362332,0.086981429,0.494560503
2.18,1.91,780,0.6223081350326538,49966.0,19626488.0,0.635,0.365,0.226502948,-1.687166182,0.237257904
2.18,1.91,780,0.6223081350326538,49966.0,19626488.0,0.635,0.365,0.226502948,-1.687166182,0.237257904
2.18,1.91,1320,0.7590823769569397,49966.0,19626488.0,0.635,0.365,0.226502948,-1.687166182,0.237257904
2.34,3.14,85,0.6512907147407532,40744.0,19001780.0,0.631,0.369,0.298281893,-1.515278048,0.2135737106666666
2.34,3.14,208,0.6177403926849365,40744.0,19001780.0,0.631,0.369,0.298281893,-1.515278048,0.2135737106666666
2.09,2.96,240,0.5637106895446777,48222.0,19104631.0,0.593,0.40700000000000003,0.260557256,-1.31751049,0.191096881
2.18,1.91,890,0.6083964705467224,49966.0,19626488.0,0.635,0.365,0.226502948,-1.687166182,0.237257904
2.34,3.14,208,0.6177403926849365,40744.0,19001780.0,0.631,0.369,0.298281893,-1.515278048,0.2135737106666666
2.61,4.61,1988,0.7577449679374695,35410.0,18143805.0,0.66,0.34,0.266203563,-1.577945427,0.1940646755
2.61,4.61,1988,0.7577449679374695,35410.0,18143805.0,0.66,0.34,0.266203563,-1.577945427,0.1940646755
2.12,2.64,567,0.6050583720207214,50461.0,19212436.0,0.636,0.364,0.21292631,-1.400236698,0.155566818
2.12,2.64,567,0.6050583720207214,50461.0,19212436.0,0.636,0.364,0.21292631,-1.400236698,0.155566818
2.34,3.14,85,0.6512907147407532,40744.0,19001780.0,0.631,0.369,0.298281893,-1.515278048,0.2135737106666666
3.18,7.38,1133,0.6736094355583191,31899.0,18156652.0,0.595,0.405,0.291700136,-1.350967267,0.208753819
2.66,2.97,755,0.644576907157898,37394.0,18159175.0,0.66,0.34,0.278629056,-1.697915834,0.170813994
2.18,1.91,172,0.6427444219589233,49966.0,19626488.0,0.635,0.365,0.226502948,-1.687166182,0.237257904
2.18,1.91,172,0.6427444219589233,49966.0,19626488.0,0.635,0.365,0.226502948,-1.687166182,0.237257904
2.18,1.91,172,0.6427444219589233,49966.0,19626488.0,0.635,0.365,0.226502948,-1.687166182,0.237257904
2.34,3.14,378,0.6785082817077637,40744.0,19001780.0,0.631,0.369,0.298281893,-1.515278048,0.2135737106666666
2.34,3.14,378,0.6785082817077637,40744.0,19001780.0,0.631,0.369,0.298281893,-1.515278048,0.2135737106666666
8.26,6.48,1123,0.6308769583702087,31979.0,7185403.0,0.495,0.505,0.246862935,-0.200531214,0.44044991969999997
8.26,6.48,1123,0.6308769583702087,31979.0,7185403.0,0.495,0.505,0.246862935,-0.200531214,0.44044991969999997
8.26,6.48,1406,0.7143253087997437,31979.0,7185403.0,0.495,0.505,0.246862935,-0.200531214,0.44044991969999997
7.28,4.0,370,0.7243662476539612,45206.0,9658913.0,0.502,0.498,0.187441798,-0.66059762,0.500434184
8.24,8.12,674,0.5631558299064636,28820.0,6947412.0,0.495,0.505,0.252101582,-0.334493561,0.5825339835000001
7.93,5.61,42,0.6447231769561768,35840.0,7428672.0,0.475,0.525,0.240601777,-0.042634009,0.5147616205
8.26,6.48,172,0.7226749658584595,31979.0,7185403.0,0.495,0.505,0.246862935,-0.200531214,0.44044991969999997
8.24,8.12,666,0.5810655355453491,28820.0,6947412.0,0.495,0.505,0.252101582,-0.334493561,0.5825339835000001
7.45,4.27,172,0.7226749658584595,46337.0,9846717.0,0.489,0.511,0.181251593,-0.355705433,0.465539339
7.93,5.61,42,0.6447231769561768,35840.0,7428672.0,0.475,0.525,0.240601777,-0.042634009,0.5147616205
7.26,4.62,1174,0.6599110960960388,37279.0,8422501.0,0.435,0.565,0.236280906,-0.281916107,0.38566607
8.92,7.42,1133,0.6736094355583191,30114.0,7060959.0,0.495,0.505,0.249690136,-0.333900905,0.494490693
7.09,5.48,755,0.644576907157898,35838.0,7545828.0,0.475,0.525,0.24508934,0.029707018,0.453408962
8.26,6.48,1123,0.6308769583702087,31979.0,7185403.0,0.495,0.505,0.246862935,-0.200531214,0.44044991969999997
7.45,4.27,1282,0.7225275635719299,46337.0,9846717.0,0.489,0.511,0.181251593,-0.355705433,0.465539339
8.83,5.72,500,0.6061504483222961,35601.0,7307658.0,0.475,0.525,0.2470234,-0.008939511,0.5103484505
7.52,0.31,1176,0.6578019857406616,31661.0,640945.0,0.461,0.539,0.759539021,0.982405746,0.499842145
7.52,0.31,1140,0.7034221887588501,31661.0,640945.0,0.461,0.539,0.759539021,0.982405746,0.499842145
7.52,0.49,1133,0.6736094355583191,28278.0,639762.0,0.42100000000000004,0.579,0.745531158,0.508019841,0.502682215
5.89,0.75,755,0.644576907157898,30304.0,637808.0,0.461,0.539,0.744673762,1.016878704,0.472910266
7.52,0.49,702,0.5382840633392334,28278.0,639762.0,0.42100000000000004,0.579,0.745531158,0.508019841,0.502682215
5.89,0.75,8,0.6805326342582703,30304.0,637808.0,0.461,0.539,0.744673762,1.016878704,0.472910266
5.6,3.03,478,0.6880184412002563,43055.0,11452251.0,0.489,0.511,0.305510797,-0.283222078,0.3520789463333333
5.74,3.68,326,0.548283040523529,46934.0,11515391.0,0.522,0.478,0.305488868,-0.155972072,0.377463867
5.6,3.03,112,0.6384077072143555,43055.0,11452251.0,0.489,0.511,0.305510797,-0.283222078,0.3520789463333333
5.6,3.03,341,0.6648699045181274,43055.0,11452251.0,0.489,0.511,0.305510797,-0.283222078,0.3520789463333333
5.74,3.68,406,0.5830175280570984,46934.0,11515391.0,0.522,0.478,0.305488868,-0.155972072,0.377463867
6.18,3.68,1133,0.6736094355583191,31855.0,11111451.0,0.512,0.488,0.315315821,-0.55552049,0.437949643
5.44,2.57,90,0.6576457023620605,36134.0,11212498.0,0.536,0.46399999999999997,0.323500608,-0.413458629,0.3579100755
5.63,2.39,755,0.644576907157898,38925.0,11237752.0,0.536,0.46399999999999997,0.332614087,-0.379834984,0.291653389
5.63,2.39,755,0.644576907157898,38925.0,11237752.0,0.536,0.46399999999999997,0.332614087,-0.379834984,0.291653389
6.18,3.68,578,0.6411248445510864,31855.0,11111451.0,0.512,0.488,0.315315821,-0.55552049,0.437949643
5.6,3.03,641,0.6361876130104065,43055.0,11452251.0,0.489,0.511,0.305510797,-0.283222078,0.3520789463333333
5.53,3.74,1331,0.6630370020866394,49099.0,11500468.0,0.489,0.511,0.303792093,-0.16133139,0.332383546
9.68,4.83,353,0.6225669384002686,27437.0,3289634.0,0.456,0.544,0.288238162,0.414469193,0.5198535470000001
8.55,4.25,230,0.5857876539230347,38838.0,3594090.0,0.344,0.6559999999999999,0.284178287,0.282898186,0.469117674
9.43,5.62,340,0.6359149813652039,26991.0,3246119.0,0.444,0.556,0.316879693,0.403796347,0.549242654
9.43,5.62,522,0.6225009560585022,26991.0,3246119.0,0.444,0.556,0.316879693,0.403796347,0.549242654
10.5,6.21,439,0.6986926198005676,26260.0,3228829.0,0.444,0.556,0.318082225,0.377385977,0.6286497585
10.09,4.84,189,0.6047422885894775,26311.0,3265547.0,0.444,0.556,0.294954866,0.200270267,0.4844503151
9.43,5.62,522,0.6225009560585022,26991.0,3246119.0,0.444,0.556,0.316879693,0.403796347,0.549242654
10.09,4.84,308,0.6705552935600281,26311.0,3265547.0,0.444,0.556,0.294954866,0.200270267,0.4844503151
9.43,5.62,1133,0.6736094355583191,26991.0,3246119.0,0.444,0.556,0.316879693,0.403796347,0.549242654
8.78,3.42,755,0.644576907157898,33727.0,3339478.0,0.456,0.544,0.297837646,0.528457341,0.457731042
9.43,5.62,702,0.5382840633392334,26991.0,3246119.0,0.444,0.556,0.316879693,0.403796347,0.549242654
8.78,3.42,8,0.6805326342582703,33727.0,3339478.0,0.456,0.544,0.297837646,0.528457341,0.457731042
10.5,6.21,186,0.6699187755584717,26260.0,3228829.0,0.444,0.556,0.318082225,0.377385977,0.6286497585
10.09,4.84,392,0.720677375793457,26311.0,3265547.0,0.444,0.556,0.294954866,0.200270267,0.4844503151
8.52,2.35,383,0.6335222125053406,60834.0,4018542.0,0.56,0.44,0.556358299,0.535734426,0.476776881
7.93,1.35,254,0.5374850630760193,41273.0,3467937.0,0.502,0.498,0.61172784,0.89529655,0.391923162
9.9,2.3,8,0.6805326342582703,35492.0,3195087.0,0.547,0.45299999999999996,0.623578285,1.028911044,0.5000858195
8.52,2.35,383,0.6335222125053406,60834.0,4018542.0,0.56,0.44,0.556358299,0.535734426,0.476776881
9.87,3.56,201,0.6124756336212158,31456.0,3087142.0,0.5660000000000001,0.434,0.568600823,0.712118141,0.459421919
9.87,3.56,242,0.6336891055107117,31456.0,3087142.0,0.5660000000000001,0.434,0.568600823,0.712118141,0.459421919
9.32,1.92,477,0.6562328934669495,59135.0,4093271.0,0.557,0.44299999999999995,0.543547621,0.538412741,0.457074772
9.79,1.33,581,0.613817036151886,58875.0,3965447.0,0.56,0.44,0.547914123,0.60142783,0.42385219220000003
9.87,3.56,1133,0.6736094355583191,31456.0,3087142.0,0.5660000000000001,0.434,0.568600823,0.712118141,0.459421919
9.61,2.55,755,0.644576907157898,39067.0,3282055.0,0.547,0.45299999999999996,0.627857272,1.06946587,0.428845818
9.9,2.3,631,0.7079978585243225,35492.0,3195087.0,0.547,0.45299999999999996,0.623578285,1.028911044,0.5000858195
6.08,3.72,536,0.6640419363975525,39015.0,12002329.0,0.552,0.44799999999999995,0.434364884,0.03115171,0.343979383
6.08,3.72,536,0.6640419363975525,39015.0,12002329.0,0.552,0.44799999999999995,0.434364884,0.03115171,0.343979383
6.45,4.21,485,0.649872899055481,49910.0,12747052.0,0.552,0.44799999999999995,0.435810945,0.002677506,0.357389157
6.66,4.35,111,0.6220712661743164,34524.0,12044780.0,0.555,0.445,0.43524631,0.083378086,0.4993360751000001
6.66,4.35,219,0.66437166929245,34524.0,12044780.0,0.555,0.445,0.43524631,0.083378086,0.4993360751000001
6.66,4.35,582,0.6855021715164185,34524.0,12044780.0,0.555,0.445,0.43524631,0.083378086,0.4993360751000001
6.66,4.35,532,0.7070035934448242,34524.0,12044780.0,0.555,0.445,0.43524631,0.083378086,0.4993360751000001
6.66,4.35,566,0.655698835849762,34524.0,12044780.0,0.555,0.445,0.43524631,0.083378086,0.4993360751000001
6.08,3.72,904,0.6694045066833496,39015.0,12002329.0,0.552,0.44799999999999995,0.434364884,0.03115171,0.343979383
6.66,4.35,532,0.7070035934448242,34524.0,12044780.0,0.555,0.445,0.43524631,0.083378086,0.4993360751000001
6.08,3.72,8,0.6805326342582703,39015.0,12002329.0,0.552,0.44799999999999995,0.434364884,0.03115171,0.343979383
6.66,4.35,664,0.6855172514915466,34524.0,12044780.0,0.555,0.445,0.43524631,0.083378086,0.4993360751000001
6.66,4.35,664,0.6855172514915466,34524.0,12044780.0,0.555,0.445,0.43524631,0.083378086,0.4993360751000001
5.58,4.96,934,0.5209286212921143,48477.0,12510809.0,0.513,0.48700000000000004,0.454240265,0.256622059,0.325146509
5.58,4.96,1165,0.7656529545783997,48477.0,12510809.0,0.513,0.48700000000000004,0.454240265,0.256622059,0.325146509
6.04,4.11,1133,0.6736094355583191,32066.0,12042545.0,0.555,0.445,0.433189369,0.146215758,0.368269439
6.08,3.72,755,0.644576907157898,39015.0,12002329.0,0.552,0.44799999999999995,0.434364884,0.03115171,0.343979383
3.32,2.19,1616,0.7332891225814819,35359.0,989203.0,0.618,0.382,0.175007382,-1.400156926,0.18435733659999998
3.29,2.02,874,0.6432982087135315,42719.0,990819.0,0.69,0.31,0.175391413,-1.198207149,0.127507526
3.29,2.02,874,0.6432982087135315,42719.0,990819.0,0.69,0.31,0.175391413,-1.198207149,0.127507526
1.68,1.84,799,0.6679051518440247,49484.0,1067916.0,0.606,0.39399999999999996,0.170363782,-1.577338595,0.13333652326666662
2.52,2.46,1133,0.6736094355583191,31928.0,993412.0,0.618,0.382,0.172559518,-1.065434519,0.4729593608
2.42,0.98,755,0.644576907157898,40686.0,987704.0,0.69,0.31,0.173810598,-1.614225294,0.1951223652
2.36,1.37,226,0.5898051857948303,34797.0,986966.0,0.69,0.31,0.170341146,-1.800414459,0.159051972
2.36,1.37,226,0.5898051857948303,34797.0,986966.0,0.69,0.31,0.170341146,-1.800414459,0.159051972
9.25,6.45,282,0.6161320209503174,34665.0,3738974.0,0.46799999999999997,0.532,0.238276864,-0.716574264,0.4744998135
7.01,6.25,294,0.646902322769165,39617.0,4357847.0,0.414,0.586,0.304822497,-0.782366655,0.378914279
8.5,5.91,21,0.6886062026023865,44401.0,4719027.0,0.446,0.5539999999999999,0.343640002,-0.53022158,0.478063551
8.5,5.91,49,0.6505628824234009,44401.0,4719027.0,0.446,0.5539999999999999,0.343640002,-0.53022158,0.478063551
9.23,5.31,123,0.6260626316070557,43563.0,4766469.0,0.446,0.5539999999999999,0.266928942,-0.434369648,0.540648903
8.96,7.23,1133,0.6736094355583191,29846.0,3666456.0,0.45399999999999996,0.546,0.244816766,-0.928080415,0.532134061
8.35,5.8,755,0.644576907157898,33267.0,3839578.0,0.46799999999999997,0.532,0.232411534,-0.606894684,0.373584263
8.35,5.8,201,0.5772074460983276,33267.0,3839578.0,0.46799999999999997,0.532,0.232411534,-0.606894684,0.373584263
8.35,5.8,125,0.6080023646354675,33267.0,3839578.0,0.46799999999999997,0.532,0.232411534,-0.606894684,0.373584263
7.82,5.24,688,0.6106244325637817,41101.0,4589872.0,0.455,0.545,0.325014336,-0.698005623,0.435420465
8.96,0.34,89,0.6794265508651733,45427.0,783033.0,0.391,0.609,0.57017202,1.08710941,0.4337222646000001
9.11,0.55,90,0.6253071427345276,29733.0,723038.0,0.47700000000000004,0.523,0.76690126,0.388564037,0.570945451
7.54,1.28,8,0.6805326342582703,45826.0,807067.0,0.457,0.5429999999999999,0.588190071,0.984842224,0.603099227
9.11,0.55,1133,0.6736094355583191,29733.0,723038.0,0.47700000000000004,0.523,0.76690126,0.388564037,0.570945451
9.54,0.37,755,0.644576907157898,32786.0,730789.0,0.48100000000000004,0.519,0.657854361,0.537264386,0.455028406
9.15,6.1,692,0.6321023106575012,34091.0,5432679.0,0.513,0.48700000000000004,0.39180724,0.25883004,0.439412985
8.81,5.56,138,0.658240020275116,40517.0,6306019.0,0.424,0.5760000000000001,0.352820549,-0.012525414,0.427551612
9.15,6.1,1210,0.6759795546531677,34091.0,5432679.0,0.513,0.48700000000000004,0.39180724,0.25883004,0.439412985
9.08,6.54,316,0.6279886364936829,30790.0,5313576.0,0.513,0.48700000000000004,0.400907561,-0.133410448,0.4822246529999999
8.55,5.61,585,0.6457225680351257,41195.0,6175727.0,0.428,0.5720000000000001,0.412750456,-0.083970432,0.471954748
9.62,7.03,478,0.619672417640686,28639.0,5163016.0,0.526,0.474,0.409364405,-0.477373917,0.506513221
9.07,7.4,88,0.7040696740150452,30636.0,5378433.0,0.513,0.48700000000000004,0.398918604,-0.091382959,0.5262604385
9.15,6.1,8,0.6805326342582703,34091.0,5432679.0,0.513,0.48700000000000004,0.39180724,0.25883004,0.439412985
8.81,5.56,789,0.5332654118537903,40517.0,6306019.0,0.424,0.5760000000000001,0.352820549,-0.012525414,0.427551612
9.62,7.03,1133,0.6736094355583191,28639.0,5163016.0,0.526,0.474,0.409364405,-0.477373917,0.506513221
9.15,6.1,755,0.644576907157898,34091.0,5432679.0,0.513,0.48700000000000004,0.39180724,0.25883004,0.439412985
9.24,7.33,497,0.7048566937446594,29015.0,5241168.0,0.526,0.474,0.409479822,-0.248781873,0.46409602149999996
9.99,7.69,934,0.702492892742157,24453.0,4946886.0,0.418,0.5820000000000001,0.440910812,-0.5948845,0.55784451
8.0,5.15,357,0.6542319655418396,33072.0,19006240.0,0.473,0.527,0.273383709,-0.434588209,0.4858392565
6.16,4.22,184,0.6642492413520813,46053.0,23831983.0,0.385,0.615,0.239764975,-0.540671333,0.435748781
8.25,6.18,194,0.6265497207641602,32039.0,18679706.0,0.478,0.522,0.279102177,-0.535953205,0.4309953119
7.32,4.58,142,0.6334710717201233,35075.0,19355427.0,0.473,0.527,0.246396327,-0.489959733,0.534736919
6.85,3.91,293,0.6683610081672668,40860.0,21319622.0,0.39,0.61,0.237846556,-0.541996946,0.365700842
6.44,4.04,761,0.5711740255355835,46490.0,24309039.0,0.441,0.5589999999999999,0.243038896,-0.549760959,0.319171867
9.37,8.0,1133,0.6736094355583191,30755.0,18338319.0,0.478,0.522,0.279223236,-0.32833709,0.456218062
7.2,4.48,755,0.644576907157898,35783.0,19712389.0,0.473,0.527,0.24325623,-0.425724691,0.43736693
9.37,8.0,702,0.5382840633392334,30755.0,18338319.0,0.478,0.522,0.279223236,-0.32833709,0.456218062
7.2,4.48,8,0.6805326342582703,35783.0,19712389.0,0.473,0.527,0.24325623,-0.425724691,0.43736693
7.28,4.39,170,0.6002382636070251,58146.0,27914064.0,0.452,0.5479999999999999,0.234763821,-0.579943251,0.3815398949999999
6.75,3.12,27,0.677153468132019,49047.0,25645504.0,0.441,0.5589999999999999,0.233736703,-0.482400983,0.400755753
5.85,4.28,598,0.5709139704704285,43307.0,23359580.0,0.385,0.615,0.22905937,-0.546272203,0.338125441
9.64,2.04,403,0.5337825417518616,35716.0,1930436.0,0.36200000000000004,0.638,0.43917376,-0.476586618,0.48081139679999996
10.13,1.34,370,0.5983033776283264,44299.0,2100562.0,0.38,0.62,0.438271184,-0.027364371,0.3951301848
8.47,2.4,837,0.6828895807266235,36480.0,1976774.0,0.36200000000000004,0.638,0.442743579,-0.125459971,0.4984585442999999
9.64,2.04,129,0.6423669457435608,35716.0,1930436.0,0.36200000000000004,0.638,0.43917376,-0.476586618,0.48081139679999996
8.7,1.38,308,0.5933911800384521,35786.0,1875993.0,0.36200000000000004,0.638,0.488311347,-0.415396328,0.53781678
8.7,1.38,508,0.6386315226554871,35786.0,1875993.0,0.36200000000000004,0.638,0.488311347,-0.415396328,0.53781678
9.64,2.04,357,0.7183085083961487,35716.0,1930436.0,0.36200000000000004,0.638,0.43917376,-0.476586618,0.48081139679999996
10.13,1.34,732,0.5377619862556458,44299.0,2100562.0,0.38,0.62,0.438271184,-0.027364371,0.3951301848
8.7,1.38,508,0.6386315226554871,35786.0,1875993.0,0.36200000000000004,0.638,0.488311347,-0.415396328,0.53781678
8.47,2.4,260,0.595414400100708,36480.0,1976774.0,0.36200000000000004,0.638,0.442743579,-0.125459971,0.4984585442999999
7.78,1.39,255,0.6066970229148865,46050.0,2129836.0,0.38,0.62,0.412715452,-0.196301991,0.476546359
7.78,1.39,255,0.6066970229148865,46050.0,2129836.0,0.38,0.62,0.412715452,-0.196301991,0.476546359
9.06,0.71,136,0.6636866331100464,47550.0,2244502.0,0.28300000000000003,0.7170000000000001,0.382728464,0.130184619,0.551705627
9.06,0.71,8,0.6805326342582703,47550.0,2244502.0,0.28300000000000003,0.7170000000000001,0.382728464,0.130184619,0.551705627
9.64,2.04,1133,0.6736094355583191,35716.0,1930436.0,0.36200000000000004,0.638,0.43917376,-0.476586618,0.48081139679999996
10.13,1.34,755,0.644576907157898,44299.0,2100562.0,0.38,0.62,0.438271184,-0.027364371,0.3951301848
8.47,2.4,193,0.6384092569351196,36480.0,1976774.0,0.36200000000000004,0.638,0.442743579,-0.125459971,0.4984585442999999
9.39,1.55,254,0.6220374703407288,34251.0,1821498.0,0.36200000000000004,0.638,0.467322029,-0.573924563,0.5112328841
9.39,1.55,295,0.647903323173523,34251.0,1821498.0,0.36200000000000004,0.638,0.467322029,-0.573924563,0.5112328841
9.39,1.55,295,0.647903323173523,34251.0,1821498.0,0.36200000000000004,0.638,0.467322029,-0.573924563,0.5112328841
7.78,1.39,851,0.6190973520278931,46050.0,2129836.0,0.38,0.62,0.412715452,-0.196301991,0.476546359
6.76,1.12,414,0.662301242351532,40794.0,612223.0,0.5539999999999999,0.446,0.542100831,1.105445786,0.41813101
6.59,0.32,1133,0.6736094355583191,35802.0,578900.0,0.603,0.397,0.471243686,0.942730159,0.478332024
9.37,0.64,755,0.644576907157898,39372.0,590579.0,0.632,0.368,0.523712565,0.549162964,0.413373254
6.59,0.32,702,0.5382840633392334,35802.0,578900.0,0.603,0.397,0.471243686,0.942730159,0.478332024
9.37,0.64,8,0.6805326342582703,39372.0,590579.0,0.632,0.368,0.523712565,0.549162964,0.413373254
8.32,5.15,1226,0.7442646026611328,36222.0,6601392.0,0.474,0.526,0.361807275,-0.200952576,0.4783423040999999
8.98,5.84,175,0.5844238996505737,38198.0,6383315.0,0.474,0.526,0.370747162,0.080587105,0.48033090840000003
6.55,3.89,321,0.6098037362098694,51141.0,7475575.0,0.45899999999999996,0.541,0.321961047,-0.264830655,0.3700492856666666
8.25,5.8,1194,0.6540291905403137,36433.0,6464795.0,0.474,0.526,0.360868417,-0.113223649,0.4165886155
8.25,5.8,183,0.6121712923049927,36433.0,6464795.0,0.474,0.526,0.360868417,-0.113223649,0.4165886155
6.99,2.7,8,0.6805326342582703,64632.0,8187456.0,0.516,0.484,0.300814593,-0.260511995,0.4157643786666667
8.84,5.54,585,0.5911727547645569,36137.0,6283853.0,0.396,0.604,0.358518238,0.194302426,0.5277654325
7.39,5.2,257,0.6521265506744385,42957.0,6732878.0,0.489,0.511,0.348931698,-0.15051267,0.473135099
6.51,3.17,695,0.6353376507759094,61985.0,7833496.0,0.532,0.46799999999999997,0.308146736,-0.109749192,0.328034515
7.44,4.28,590,0.6134250164031982,66451.0,8417651.0,0.525,0.475,0.308196003,-0.168454987,0.354892073
8.84,5.54,585,0.5911727547645569,36137.0,6283853.0,0.396,0.604,0.358518238,0.194302426,0.5277654325
8.42,5.96,1133,0.6736094355583191,37647.0,6536771.0,0.474,0.526,0.360729349,-0.122792518,0.429027151
7.74,4.13,755,0.644576907157898,43354.0,6789225.0,0.489,0.511,0.34110952,-0.39866814,0.375425377
7.12,2.85,216,0.604952871799469,62616.0,8102437.0,0.532,0.46799999999999997,0.306517437,-0.24995008,0.452244595
6.31,3.62,308,0.6342406272888184,57119.0,7673725.0,0.45899999999999996,0.541,0.316065051,-0.104444548,0.312568991
7.46,1.74,358,0.6372022032737732,59068.0,7057531.0,0.573,0.42700000000000005,0.305250428,0.169877992,0.279556509
8.33,3.65,253,0.5626746416091919,33533.0,5334896.0,0.5760000000000001,0.424,0.350524177,0.853345173,0.383537681
8.33,3.65,157,0.6292119026184082,33533.0,5334896.0,0.5760000000000001,0.424,0.350524177,0.853345173,0.383537681
7.46,1.74,525,0.6496403217315674,59068.0,7057531.0,0.573,0.42700000000000005,0.305250428,0.169877992,0.279556509
8.33,3.65,1530,0.7803952097892761,33533.0,5334896.0,0.5760000000000001,0.424,0.350524177,0.853345173,0.383537681
8.33,3.65,222,0.6055413484573364,33533.0,5334896.0,0.5760000000000001,0.424,0.350524177,0.853345173,0.383537681
6.16,2.19,248,0.6503006219863892,50646.0,6257305.0,0.536,0.46399999999999997,0.37320676,0.226154048,0.3738864134
7.46,1.74,2092,0.7660477757453918,59068.0,7057531.0,0.573,0.42700000000000005,0.305250428,0.169877992,0.279556509
8.33,3.65,174,0.6152966618537903,33533.0,5334896.0,0.5760000000000001,0.424,0.350524177,0.853345173,0.383537681
8.33,3.65,157,0.6292119026184082,33533.0,5334896.0,0.5760000000000001,0.424,0.350524177,0.853345173,0.383537681
7.46,1.74,693,0.7043390274047852,59068.0,7057531.0,0.573,0.42700000000000005,0.305250428,0.169877992,0.279556509
8.33,3.65,1133,0.6736094355583191,33533.0,5334896.0,0.5760000000000001,0.424,0.350524177,0.853345173,0.383537681
6.73,2.4,755,0.644576907157898,47421.0,5687832.0,0.5720000000000001,0.428,0.317956188,0.335244622,0.430752071
7.46,1.74,358,0.6372022032737732,59068.0,7057531.0,0.573,0.42700000000000005,0.305250428,0.169877992,0.279556509
7.46,1.74,358,0.6372022032737732,59068.0,7057531.0,0.573,0.42700000000000005,0.305250428,0.169877992,0.279556509
12.12,4.62,887,0.6181549429893494,44354.0,1832435.0,0.278,0.722,0.560737982,1.074304395,0.607032822
8.82,2.15,475,0.6951576471328735,37994.0,1840310.0,0.433,0.5670000000000001,0.566249389,0.882334404,0.524035145
9.73,4.7,364,0.6408002376556396,23564.0,1818490.0,0.578,0.42200000000000004,0.595320974,-0.020362421,0.46633013120000005
9.2,3.11,1257,0.6938928365707397,29411.0,1807021.0,0.46799999999999997,0.532,0.359140005,0.722079018,0.5636489689999999
10.09,2.09,597,0.5700035095214844,29673.0,1801481.0,0.46799999999999997,0.532,0.588163181,0.90937617,0.53240092
10.03,3.97,720,0.699720561504364,43553.0,1857446.0,0.363,0.637,0.574174732,0.870958933,0.5678423946666666
9.73,4.7,364,0.6408002376556396,23564.0,1818490.0,0.578,0.42200000000000004,0.595320974,-0.020362421,0.46633013120000005
9.73,4.7,1133,0.6736094355583191,23564.0,1818490.0,0.578,0.42200000000000004,0.595320974,-0.020362421,0.46633013120000005
8.47,3.27,755,0.644576907157898,26704.0,1811688.0,0.584,0.41600000000000004,0.358855323,0.543126231,0.41215636480000006
9.73,4.7,702,0.5382840633392334,23564.0,1818490.0,0.578,0.42200000000000004,0.595320974,-0.020362421,0.46633013120000005
8.47,3.27,8,0.6805326342582703,26704.0,1811688.0,0.584,0.41600000000000004,0.358855323,0.543126231,0.41215636480000006
10.09,2.09,496,0.7133084535598755,29673.0,1801481.0,0.46799999999999997,0.532,0.588163181,0.90937617,0.53240092
6.74,2.75,459,0.5879502892494202,31133.0,4952675.0,0.518,0.48200000000000004,0.585571876,-0.605713736,0.4763046045
5.97,1.6,355,0.6954156756401062,52058.0,5705840.0,0.57,0.43,0.70305196,-0.030160796,0.429247479
5.97,1.6,508,0.7183046340942383,52058.0,5705840.0,0.57,0.43,0.70305196,-0.030160796,0.429247479
6.11,2.91,539,0.618798553943634,33308.0,5004636.0,0.528,0.47200000000000003,0.596897768,-0.551049142,0.4839232640000001
6.74,2.75,1246,0.6981149315834045,31133.0,4952675.0,0.518,0.48200000000000004,0.585571876,-0.605713736,0.4763046045
5.87,2.13,79,0.6433172821998596,41327.0,5222124.0,0.5589999999999999,0.441,0.587712446,-0.399320898,0.612812469
6.9,3.18,8,0.6805326342582703,55425.0,5762927.0,0.534,0.466,0.699406523,0.193508049,0.516254852
6.68,2.76,256,0.5594430565834045,35388.0,5095504.0,0.528,0.47200000000000003,0.573440835,-0.567791539,0.465168561
6.44,2.63,547,0.633317232131958,40001.0,5173828.0,0.5589999999999999,0.441,0.617169878,-0.484849352,0.462877721
5.55,2.25,354,0.6306905746459961,45903.0,5445162.0,0.501,0.499,0.673847748,-0.131379907,0.3989991785
6.35,1.89,517,0.5940465927124023,50351.0,5690538.0,0.57,0.43,0.694148943,-0.034283182,0.4371998215
6.35,1.89,351,0.5818473696708679,50351.0,5690538.0,0.57,0.43,0.694148943,-0.034283182,0.4371998215
6.68,2.76,1133,0.6736094355583191,35388.0,5095504.0,0.528,0.47200000000000003,0.573440835,-0.567791539,0.465168561
5.87,2.13,755,0.644576907157898,41327.0,5222124.0,0.5589999999999999,0.441,0.587712446,-0.399320898,0.612812469
5.97,1.6,172,0.5898697972297668,52058.0,5705840.0,0.57,0.43,0.70305196,-0.030160796,0.429247479
6.61,2.76,362,0.6195042729377747,40955.0,5137004.0,0.528,0.47200000000000003,0.584022639,-0.621525324,0.4519350192
16.1,3.23,1124,0.7421767115592957,33140.0,474982.0,0.462,0.5379999999999999,0.604462081,2.504589328,0.6114978825999999
14.58,2.16,635,0.5657187700271606,54509.0,567491.0,0.33399999999999996,0.6659999999999999,0.542044605,2.885945339,0.50607756
14.92,1.87,138,0.658240020275116,52470.0,559851.0,0.33399999999999996,0.6659999999999999,0.553433499,3.058250804,0.587478966
16.1,3.23,1133,0.6736094355583191,33140.0,474982.0,0.462,0.5379999999999999,0.604462081,2.504589328,0.6114978825999999
11.78,1.4,755,0.644576907157898,35250.0,480045.0,0.425,0.575,0.598688437,2.625872868,0.5353975492
16.1,3.23,702,0.5382840633392334,33140.0,474982.0,0.462,0.5379999999999999,0.604462081,2.504589328,0.6114978825999999
11.78,1.4,8,0.6805326342582703,35250.0,480045.0,0.425,0.575,0.598688437,2.625872868,0.5353975492
16.1,3.23,272,0.6268710494041443,33140.0,474982.0,0.462,0.5379999999999999,0.604462081,2.504589328,0.6114978825999999
12.64,0.98,511,0.7097168564796448,31529.0,478447.0,0.462,0.5379999999999999,0.58741813,2.58139424,0.5466783875000001
