Law ID,State,ST,Year,Suicides,Homicides,len_text,sentiment_score,Income,Pop,DEM_Perc,GOP_Perc,HuntLic,GunsAmmo,avg_own_est
AL1005,Alabama,AL,2006,8.42,7.27,150,0.5894775986671448,37952.0,4628981.0,0.371,0.629,0.235137633,-0.205559421,0.418361625
AL1012,Alabama,AL,2015,10.34,8.43,116,0.6211304068565369,44509.0,4854803.0,0.38799999999999996,0.612,0.340830801,-0.290597341,0.544806024
AL1016,Alabama,AL,2015,10.34,8.43,392,0.5883697867393494,44509.0,4854803.0,0.38799999999999996,0.612,0.340830801,-0.290597341,0.544806024
AL1023,Alabama,AL,2015,10.34,8.43,262,0.514143705368042,44509.0,4854803.0,0.38799999999999996,0.612,0.340830801,-0.290597341,0.544806024
AL1024,Alabama,AL,2015,10.34,8.43,577,0.5486267805099487,44509.0,4854803.0,0.38799999999999996,0.612,0.340830801,-0.290597341,0.544806024
AL1025,Alabama,AL,2015,10.34,8.43,714,0.5923972725868225,44509.0,4854803.0,0.38799999999999996,0.612,0.340830801,-0.290597341,0.544806024
AL1031,Alabama,AL,1994,9.39,9.83,1133,0.5472889542579651,27196.0,4232965.0,0.462,0.5379999999999999,0.244708732,-0.611365934,0.545011063
AL1032,Alabama,AL,1998,9.84,7.29,755,0.561921238899231,36266.0,4351037.0,0.46299999999999997,0.537,0.24371378,0.004365336,0.546264369
AL1042,Alabama,AL,2013,9.82,6.85,508,0.5898723602294922,47320.0,4831586.0,0.38799999999999996,0.612,0.344331566,-0.172468696,0.598502599
AK1003,Alaska,AK,1994,15.57,3.33,1192,0.5555661916732788,45367.0,600624.0,0.434,0.5660000000000001,0.528531807,3.934617582,0.523671224
AK1004,Alaska,AK,2003,13.2,4.62,611,0.5378878116607666,51837.0,648414.0,0.321,0.679,0.534675174,3.192350151,0.5751373677666667
AK1050,Alaska,AK,2013,16.65,2.27,527,0.5448455214500427,72472.0,737626.0,0.42700000000000005,0.573,0.574725998,1.807937576,0.609210936
AK1006,Alaska,AK,2006,12.06,4.04,508,0.5727788209915161,56418.0,675302.0,0.359,0.6409999999999999,0.523205688,2.481006825,0.5680231738
AK1011,Alaska,AK,1992,10.94,3.56,128,0.5902534127235413,41802.0,587073.0,0.434,0.5660000000000001,0.528465379,3.669083615,0.6528983234
AK1016,Alaska,AK,1992,10.94,3.56,128,0.5902534127235413,41802.0,587073.0,0.434,0.5660000000000001,0.528465379,3.669083615,0.6528983234
AK1023,Alaska,AK,1996,15.02,4.46,410,0.6427748799324036,52779.0,604918.0,0.396,0.604,0.563529871,3.428167822,0.564655738
AK1030,Alaska,AK,1994,15.57,3.33,1133,0.5472889542579651,45367.0,600624.0,0.434,0.5660000000000001,0.528531807,3.934617582,0.523671224
AK1031,Alaska,AK,1998,14.65,4.34,755,0.561921238899231,50692.0,615205.0,0.396,0.604,0.552303921,3.266201217,0.41911213
AK1041,Alaska,AK,1994,15.57,3.33,702,0.532663106918335,45367.0,600624.0,0.434,0.5660000000000001,0.528531807,3.934617582,0.523671224
AK1044,Alaska,AK,1996,15.02,4.46,567,0.593400776386261,52779.0,604918.0,0.396,0.604,0.563529871,3.428167822,0.564655738
AK1048,Alaska,AK,2000,14.98,2.4,96,0.6529613733291626,52847.0,627963.0,0.321,0.679,0.544251007,3.188878052,0.483289686
AK1049,Alaska,AK,1995,12.59,5.47,44,0.594403862953186,47954.0,601345.0,0.434,0.5660000000000001,0.554247477,3.690204196,0.5650983299000001
AZ1001,Arizona,AZ,1995,12.37,8.46,54,0.6347326040267944,30863.0,4306908.0,0.48700000000000004,0.513,0.27835351,0.499249438,0.4904256047000001
AZ1005,Arizona,AZ,2016,10.15,4.55,113,0.6274835467338562,57100.0,6944767.0,0.478,0.522,0.243218391,0.071987529,0.3799663475
AZ1013,Arizona,AZ,2000,9.69,5.27,50,0.6265374422073364,39783.0,5160586.0,0.467,0.5329999999999999,0.273809177,0.21032852,0.415250331
AZ1014,Arizona,AZ,2004,9.06,5.93,246,0.521617591381073,43846.0,5652404.0,0.447,0.5529999999999999,0.25612749,0.071288367,0.3721820233333333
AZ1016,Arizona,AZ,2004,9.06,5.93,35,0.6011730432510376,43846.0,5652404.0,0.447,0.5529999999999999,0.25612749,0.071288367,0.3721820233333333
AZ1017,Arizona,AZ,2008,8.45,5.36,35,0.607016921043396,46914.0,6280362.0,0.457,0.5429999999999999,0.248850089,0.161881522,0.364121603
AZ1018,Arizona,AZ,2008,8.45,5.36,45,0.5220416188240051,46914.0,6280362.0,0.457,0.5429999999999999,0.248850089,0.161881522,0.364121603
AZ1019,Arizona,AZ,1996,10.87,6.48,36,0.6223893165588379,31637.0,4432308.0,0.512,0.488,0.267651527,0.318777335,0.3789440779999999
AZ1022,Arizona,AZ,2011,10.11,4.09,450,0.6275820136070251,48621.0,6473416.0,0.457,0.5429999999999999,0.241434687,0.20179737,0.298337446
AZ1023,Arizona,AZ,2006,9.27,6.42,246,0.521617591381073,46657.0,6029141.0,0.447,0.5529999999999999,0.243212951,0.207519895,0.350953786
AZ1027,Arizona,AZ,1996,10.87,6.48,467,0.6000122427940369,31637.0,4432308.0,0.512,0.488,0.267651527,0.318777335,0.3789440779999999
AZ1028,Arizona,AZ,1996,10.87,6.48,467,0.6000122427940369,31637.0,4432308.0,0.512,0.488,0.267651527,0.318777335,0.3789440779999999
AZ1029,Arizona,AZ,2009,9.44,3.69,368,0.5954117774963379,45739.0,6343154.0,0.457,0.5429999999999999,0.24761532,0.146842367,0.435879906
AZ1030,Arizona,AZ,2009,9.44,3.69,507,0.5818755030632019,45739.0,6343154.0,0.457,0.5429999999999999,0.24761532,0.146842367,0.435879906
AZ1031,Arizona,AZ,2014,9.64,3.31,287,0.58359295129776,49254.0,6732873.0,0.44799999999999995,0.552,0.236577548,0.136861033,0.368824415
AZ1038,Arizona,AZ,1994,12.29,7.38,1133,0.5472889542579651,31293.0,4147560.0,0.48700000000000004,0.513,0.285970711,0.595246727,0.424661512
AZ1039,Arizona,AZ,1998,10.99,5.82,755,0.561921238899231,37090.0,4667277.0,0.512,0.488,0.253215494,0.291716181,0.399501561
AZ1046,Arizona,AZ,1994,12.29,7.38,702,0.532663106918335,31293.0,4147560.0,0.48700000000000004,0.513,0.285970711,0.595246727,0.424661512
AZ1049,Arizona,AZ,1996,10.87,6.48,1553,0.5733740329742432,31637.0,4432308.0,0.512,0.488,0.267651527,0.318777335,0.3789440779999999
AR1003,Arkansas,AR,1995,10.41,8.35,110,0.6172380447387695,25814.0,2480121.0,0.6,0.4,0.424544541,-0.119207994,0.4984585442999999
AR1025,Arkansas,AR,2018,11.1,6.69,192,0.5312700867652893,49781.0,3012161.0,0.358,0.642,,,
AR1030,Arkansas,AR,1994,10.46,8.17,1133,0.5472889542579651,25565.0,2450605.0,0.6,0.4,0.424175822,-0.123750118,0.572602297
AR1031,Arkansas,AR,1997,9.34,7.61,90,0.6382769346237183,26162.0,2524007.0,0.594,0.406,0.435839609,0.094603968,0.5931901900000001
AR1032,Arkansas,AR,1998,9.54,6.01,755,0.561921238899231,27665.0,2538202.0,0.594,0.406,0.433909473,0.337556376,0.45380092859999993
AR1033,Arkansas,AR,1998,9.54,6.01,755,0.561921238899231,27665.0,2538202.0,0.594,0.406,0.433909473,0.337556376,0.45380092859999993
AR1039,Arkansas,AR,1994,10.46,8.17,702,0.532663106918335,25565.0,2450605.0,0.6,0.4,0.424175822,-0.123750118,0.572602297
AR1040,Arkansas,AR,1997,9.34,7.61,67,0.6003119349479675,26162.0,2524007.0,0.594,0.406,0.435839609,0.094603968,0.5931901900000001
AR1043,Arkansas,AR,1994,10.46,8.17,248,0.5215056538581848,25565.0,2450605.0,0.6,0.4,0.424175822,-0.123750118,0.572602297
AR1044,Arkansas,AR,2017,12.42,6.82,542,0.6121013760566711,49751.0,3003855.0,0.358,0.642,,,
AR1045,Arkansas,AR,1993,9.66,8.22,188,0.5023448467254639,23039.0,2423743.0,0.6,0.4,0.363143891,-0.131222821,0.6750961925
AR1047,Arkansas,AR,1993,9.66,8.22,228,0.5194259881973267,23039.0,2423743.0,0.6,0.4,0.363143891,-0.131222821,0.6750961925
CA1001,California,CA,1991,6.91,8.74,251,0.6324647665023804,33664.0,30414114.0,0.48200000000000004,0.518,0.154076373,-0.019359884,0.3525190595
CA1004,California,CA,2012,3.99,3.5,729,0.5992894768714905,57020.0,37944551.0,0.607,0.39299999999999996,0.150334464,-1.385960469,0.2720075656666667
CA1005,California,CA,1991,6.91,8.74,528,0.5766885876655579,33664.0,30414114.0,0.48200000000000004,0.518,0.154076373,-0.019359884,0.3525190595
CA1011,California,CA,1992,6.89,9.21,1371,0.5572602152824402,34903.0,30875920.0,0.585,0.415,0.151101858,-0.102750319,0.4415235905
CA1012,California,CA,2014,3.9,3.14,626,0.5951577425003052,60487.0,38586706.0,0.607,0.39299999999999996,0.146260652,-1.477369406,0.187158672
CA1015,California,CA,2001,4.45,4.4,620,0.5227298140525818,47262.0,34479458.0,0.562,0.43799999999999994,0.156527749,-1.124564832,0.214033918
CA1023,California,CA,2000,4.67,4.21,1576,0.5945914387702942,46816.0,33987977.0,0.562,0.43799999999999994,0.157698424,-1.125090262,0.2896049396666666
CA1025,California,CA,2012,3.99,3.5,724,0.5724875330924988,57020.0,37944551.0,0.607,0.39299999999999996,0.150334464,-1.385960469,0.2720075656666667
CA1027,California,CA,2013,3.96,3.35,175,0.6044231653213501,60794.0,38253768.0,0.607,0.39299999999999996,0.145863724,-1.434835333,0.235708797
CA1032,California,CA,2014,3.9,3.14,268,0.5190712213516235,60487.0,38586706.0,0.607,0.39299999999999996,0.146260652,-1.477369406,0.187158672
CA1034,California,CA,2014,3.9,3.14,1875,0.5847294330596924,60487.0,38586706.0,0.607,0.39299999999999996,0.146260652,-1.477369406,0.187158672
CA1037,California,CA,1997,5.7,5.87,299,0.5468760132789612,39694.0,32217708.0,0.5720000000000001,0.428,0.162568085,-0.844210401,0.335262937
CA1040,California,CA,1991,6.91,8.74,251,0.6324647665023804,33664.0,30414114.0,0.48200000000000004,0.518,0.154076373,-0.019359884,0.3525190595
CA1047,California,CA,1997,5.7,5.87,299,0.5468760132789612,39694.0,32217708.0,0.5720000000000001,0.428,0.162568085,-0.844210401,0.335262937
CA1049,California,CA,2019,,,109,0.5654692053794861,,,0.6509999999999999,0.349,,,
CA1050,California,CA,1998,5.5,4.62,264,0.5368445515632629,40934.0,32682794.0,0.5720000000000001,0.428,0.097368633,-1.056209347,0.198553994
CA1051,California,CA,2014,3.9,3.14,264,0.5368445515632629,60487.0,38586706.0,0.607,0.39299999999999996,0.146260652,-1.477369406,0.187158672
CA1056,California,CA,1991,6.91,8.74,450,0.5648384690284729,33664.0,30414114.0,0.48200000000000004,0.518,0.154076373,-0.019359884,0.3525190595
CA1057,California,CA,1994,6.77,8.91,556,0.5098050236701965,35331.0,31317179.0,0.585,0.415,0.173162217,-0.094675562,0.234772232
CA1058,California,CA,2002,4.5,4.95,158,0.6409574151039124,47437.0,34871843.0,0.562,0.43799999999999994,0.156495978,-1.183212923,0.207165818
CA1059,California,CA,2004,4.0,4.86,1526,0.5586130023002625,49222.0,35574576.0,0.55,0.45,0.154942574,-1.062389653,0.2265428045
CA1060,California,CA,2013,3.96,3.35,365,0.5996988415718079,60794.0,38253768.0,0.607,0.39299999999999996,0.145863724,-1.434835333,0.235708797
CA1061,California,CA,2013,3.96,3.35,365,0.5996988415718079,60794.0,38253768.0,0.607,0.39299999999999996,0.145863724,-1.434835333,0.235708797
CA1062,California,CA,2016,3.86,3.69,379,0.5949692726135254,66637.0,39149186.0,0.6509999999999999,0.349,0.160670983,-1.473129582,0.2134341575
CA1063,California,CA,2016,3.86,3.69,397,0.5978841185569763,66637.0,39149186.0,0.6509999999999999,0.349,0.160670983,-1.473129582,0.2134341575
CA1064,California,CA,2016,3.86,3.69,1371,0.6209350824356079,66637.0,39149186.0,0.6509999999999999,0.349,0.160670983,-1.473129582,0.2134341575
CA1065,California,CA,2016,3.86,3.69,1463,0.5969491600990295,66637.0,39149186.0,0.6509999999999999,0.349,0.160670983,-1.473129582,0.2134341575
CA1067,California,CA,2003,4.44,4.83,216,0.5158115029335022,49300.0,35253159.0,0.562,0.43799999999999994,0.154670221,-1.104677471,0.215295922
CA1068,California,CA,2015,3.78,3.52,348,0.572526216506958,63636.0,38904296.0,0.607,0.39299999999999996,0.145829198,-1.508137086,0.235507313
CA1072,California,CA,1994,6.77,8.91,1133,0.5472889542579651,35331.0,31317179.0,0.585,0.415,0.173162217,-0.094675562,0.234772232
CA1073,California,CA,1998,5.5,4.62,755,0.561921238899231,40934.0,32682794.0,0.5720000000000001,0.428,0.097368633,-1.056209347,0.198553994
CA1077,California,CA,2014,3.9,3.14,1875,0.5847294330596924,60487.0,38586706.0,0.607,0.39299999999999996,0.146260652,-1.477369406,0.187158672
CA1078,California,CA,1994,6.77,8.91,254,0.5994393229484558,35331.0,31317179.0,0.585,0.415,0.173162217,-0.094675562,0.234772232
CA1079,California,CA,2015,3.78,3.52,254,0.5994393229484558,63636.0,38904296.0,0.607,0.39299999999999996,0.145829198,-1.508137086,0.235507313
CA1080,California,CA,2000,4.67,4.21,1163,0.5650497078895569,46816.0,33987977.0,0.562,0.43799999999999994,0.157698424,-1.125090262,0.2896049396666666
CA1082,California,CA,1995,6.45,8.11,596,0.6045430302619934,37009.0,31493525.0,0.585,0.415,0.169532647,-0.332279552,0.4193550939
CA1083,California,CA,1995,6.45,8.11,596,0.6045430302619934,37009.0,31493525.0,0.585,0.415,0.169532647,-0.332279552,0.4193550939
CA1087,California,CA,2016,3.86,3.69,558,0.5652069449424744,66637.0,39149186.0,0.6509999999999999,0.349,0.160670983,-1.473129582,0.2134341575
CA1095,California,CA,2000,4.67,4.21,44,0.594403862953186,46816.0,33987977.0,0.562,0.43799999999999994,0.157698424,-1.125090262,0.2896049396666666
CO1001,Colorado,CO,2004,8.77,2.78,328,0.5821340680122375,50886.0,4575013.0,0.47600000000000003,0.524,0.291173581,0.317154382,0.4108667386666667
CO1002,Colorado,CO,2004,8.77,2.78,54,0.6347326040267944,50886.0,4575013.0,0.47600000000000003,0.524,0.291173581,0.317154382,0.4108667386666667
CO1003,Colorado,CO,2008,7.88,2.16,868,0.552291989326477,60943.0,4889730.0,0.546,0.45399999999999996,0.29363851,0.17837838,0.400997196
CO1006,Colorado,CO,1996,10.45,2.65,54,0.5906770825386047,40950.0,3812716.0,0.49200000000000005,0.508,0.324817381,0.380849006,0.4554855555
CO1009,Colorado,CO,2011,8.37,1.99,414,0.5509606003761292,58629.0,5121900.0,0.546,0.45399999999999996,0.282643797,0.242816855,0.365323626
CO1010,Colorado,CO,2006,7.76,2.12,384,0.590050220489502,55697.0,4720423.0,0.47600000000000003,0.524,0.304514331,0.23365395,0.385089371
CO1012,Colorado,CO,1993,11.05,3.82,1141,0.5000355243682861,34488.0,3560884.0,0.528,0.47200000000000003,0.337619691,0.33394913,0.4493198665
CO1014,Colorado,CO,1993,11.05,3.82,103,0.5604689121246338,34488.0,3560884.0,0.528,0.47200000000000003,0.337619691,0.33394913,0.4493198665
CO1016,Colorado,CO,1993,11.05,3.82,306,0.5117688179016113,34488.0,3560884.0,0.528,0.47200000000000003,0.337619691,0.33394913,0.4493198665
CO1021,Colorado,CO,1994,9.86,3.33,414,0.599458634853363,37833.0,3653910.0,0.528,0.47200000000000003,0.321379755,0.27299844,0.470229772
CO1022,Colorado,CO,1994,9.86,3.33,401,0.5923498868942261,37833.0,3653910.0,0.528,0.47200000000000003,0.321379755,0.27299844,0.470229772
CO1025,Colorado,CO,2013,9.02,1.99,328,0.5821340680122375,67912.0,5270774.0,0.524,0.47600000000000003,0.283346271,0.386873276,0.502715567
CO1033,Colorado,CO,2013,9.02,1.99,411,0.6176919937133789,67912.0,5270774.0,0.524,0.47600000000000003,0.283346271,0.386873276,0.502715567
CO1034,Colorado,CO,2013,9.02,1.99,355,0.5724532604217529,67912.0,5270774.0,0.524,0.47600000000000003,0.283346271,0.386873276,0.502715567
CO1035,Colorado,CO,2013,9.02,1.99,695,0.5694557428359985,67912.0,5270774.0,0.524,0.47600000000000003,0.283346271,0.386873276,0.502715567
CO1037,Colorado,CO,2020,,,797,0.5778985619544983,,,0.516,0.484,,,
CO1038,Colorado,CO,2020,,,1315,0.5742446780204773,,,0.516,0.484,,,
CO1044,Colorado,CO,1994,9.86,3.33,1133,0.5472889542579651,37833.0,3653910.0,0.528,0.47200000000000003,0.321379755,0.27299844,0.470229772
CO1045,Colorado,CO,1998,8.2,2.62,755,0.561921238899231,46599.0,3968967.0,0.49200000000000005,0.508,0.298953988,0.392318227,0.365952397
CO1046,Colorado,CO,1998,8.2,2.62,755,0.561921238899231,46599.0,3968967.0,0.49200000000000005,0.508,0.298953988,0.392318227,0.365952397
CO1053,Colorado,CO,2012,9.8,2.17,359,0.6135473251342773,57255.0,5193660.0,0.524,0.47600000000000003,0.283777632,0.250859263,0.4434719926666666
CO1054,Colorado,CO,1993,11.05,3.82,296,0.6223391890525818,34488.0,3560884.0,0.528,0.47200000000000003,0.337619691,0.33394913,0.4493198665
CO1055,Colorado,CO,1993,11.05,3.82,296,0.6223391890525818,34488.0,3560884.0,0.528,0.47200000000000003,0.337619691,0.33394913,0.4493198665
CO1057,Colorado,CO,2003,8.18,2.5,235,0.5424663424491882,49940.0,4528732.0,0.455,0.545,0.293020681,0.324397278,0.395146628
CO1058,Colorado,CO,2000,8.28,1.87,698,0.5986292362213135,48240.0,4326921.0,0.455,0.545,0.275683996,0.468087657,0.4544155903333333
CT1001,Connecticut,CT,2014,3.12,1.67,345,0.5934244990348816,70161.0,3595697.0,0.591,0.409,0.178247315,-0.804620344,0.204234396
CT1002,Connecticut,CT,1995,4.23,3.23,476,0.5856291651725769,40243.0,3265293.0,0.541,0.45899999999999996,0.210327996,-0.432083348,0.47358771720000004
CT1004,Connecticut,CT,1994,4.38,4.48,1319,0.5817011594772339,41097.0,3268346.0,0.541,0.45899999999999996,0.209877157,-0.174565612,0.25648198
CT1006,Connecticut,CT,1999,3.25,2.62,825,0.5702818036079407,50593.0,3282031.0,0.604,0.396,0.201243007,-0.735252815,0.153651657
CT1013,Connecticut,CT,2012,2.93,3.41,1047,0.6078593730926514,64247.0,3595211.0,0.591,0.409,0.190410676,-0.851575457,0.2163230773333333
CT1015,Connecticut,CT,1993,4.47,4.53,243,0.5699761509895325,39516.0,3272325.0,0.541,0.45899999999999996,0.208477715,-0.202645063,0.2525392165
CT1019,Connecticut,CT,1994,4.38,4.48,316,0.5823288559913635,41097.0,3268346.0,0.541,0.45899999999999996,0.209877157,-0.174565612,0.25648198
CT1021,Connecticut,CT,2013,2.46,1.9,140,0.5356022715568542,69291.0,3595792.0,0.591,0.409,0.184855438,-0.837602909,0.244112606
CT1024,Connecticut,CT,1995,4.23,3.23,342,0.5772114992141724,40243.0,3265293.0,0.541,0.45899999999999996,0.210327996,-0.432083348,0.47358771720000004
CT1025,Connecticut,CT,2014,3.12,1.67,345,0.5934244990348816,70161.0,3595697.0,0.591,0.409,0.178247315,-0.804620344,0.204234396
CT1029,Connecticut,CT,1994,4.38,4.48,532,0.5720292329788208,41097.0,3268346.0,0.541,0.45899999999999996,0.209877157,-0.174565612,0.25648198
CT1034,Connecticut,CT,2013,2.46,1.9,557,0.5818361043930054,69291.0,3595792.0,0.591,0.409,0.184855438,-0.837602909,0.244112606
CT1035,Connecticut,CT,2014,3.12,1.67,557,0.5818361043930054,70161.0,3595697.0,0.591,0.409,0.178247315,-0.804620344,0.204234396
CT1039,Connecticut,CT,1993,4.47,4.53,243,0.5699761509895325,39516.0,3272325.0,0.541,0.45899999999999996,0.208477715,-0.202645063,0.2525392165
CT1040,Connecticut,CT,1995,4.23,3.23,476,0.5856291651725769,40243.0,3265293.0,0.541,0.45899999999999996,0.210327996,-0.432083348,0.47358771720000004
CT1042,Connecticut,CT,1999,3.25,2.62,2016,0.5044933557510376,50593.0,3282031.0,0.604,0.396,0.201243007,-0.735252815,0.153651657
CT1043,Connecticut,CT,2013,2.46,1.9,538,0.6049832105636597,69291.0,3595792.0,0.591,0.409,0.184855438,-0.837602909,0.244112606
CT1044,Connecticut,CT,2013,2.46,1.9,407,0.5971955060958862,69291.0,3595792.0,0.591,0.409,0.184855438,-0.837602909,0.244112606
CT1045,Connecticut,CT,2013,2.46,1.9,74,0.5928233861923218,69291.0,3595792.0,0.591,0.409,0.184855438,-0.837602909,0.244112606
CT1046,Connecticut,CT,2016,2.73,1.64,1086,0.589836597442627,75923.0,3579830.0,0.57,0.43,0.188096983,-0.843627833,0.2589959385
CT1048,Connecticut,CT,1994,4.38,4.48,636,0.5829624533653259,41097.0,3268346.0,0.541,0.45899999999999996,0.209877157,-0.174565612,0.25648198
CT1049,Connecticut,CT,1998,2.63,2.86,594,0.575901210308075,46508.0,3272563.0,0.604,0.396,0.203158816,-0.891303949,0.237468203
CT1053,Connecticut,CT,2000,3.23,1.93,825,0.5702818036079407,50172.0,3411777.0,0.593,0.40700000000000003,0.199880601,-0.866331375,0.226119667
CT1055,Connecticut,CT,1994,4.38,4.48,1133,0.5472889542579651,41097.0,3268346.0,0.541,0.45899999999999996,0.209877157,-0.174565612,0.25648198
CT1056,Connecticut,CT,1998,2.63,2.86,755,0.561921238899231,46508.0,3272563.0,0.604,0.396,0.203158816,-0.891303949,0.237468203
CT1062,Connecticut,CT,2013,2.46,1.9,937,0.5506178140640259,69291.0,3595792.0,0.591,0.409,0.184855438,-0.837602909,0.244112606
CT1064,Connecticut,CT,1999,3.25,2.62,909,0.5643165111541748,50593.0,3282031.0,0.604,0.396,0.201243007,-0.735252815,0.153651657
CT1069,Connecticut,CT,2007,2.03,1.99,328,0.5998668074607849,64141.0,3527270.0,0.5529999999999999,0.447,0.186723033,-0.99192604,0.134191039
CT1070,Connecticut,CT,2007,2.03,1.99,328,0.5998668074607849,64141.0,3527270.0,0.5529999999999999,0.447,0.186723033,-0.99192604,0.134191039
DE1001,Delaware,DE,2013,5.94,4.3,434,0.5888986587524414,54091.0,924062.0,0.594,0.406,0.200173933,-0.859887417,0.373201505
DE1008,Delaware,DE,1994,6.3,2.45,575,0.5265328288078308,35873.0,708416.0,0.552,0.44799999999999995,0.227930955,-0.874216477,0.445274443
DE1011,Delaware,DE,1994,6.3,2.45,672,0.5866437554359436,35873.0,708416.0,0.552,0.44799999999999995,0.227930955,-0.874216477,0.445274443
DE1016,Delaware,DE,1994,6.3,2.45,672,0.5866437554359436,35873.0,708416.0,0.552,0.44799999999999995,0.227930955,-0.874216477,0.445274443
DE1019,Delaware,DE,1994,6.3,2.45,1153,0.5474976301193237,35873.0,708416.0,0.552,0.44799999999999995,0.227930955,-0.874216477,0.445274443
DE1021,Delaware,DE,2016,5.87,4.91,434,0.5940523147583008,58046.0,949989.0,0.56,0.44,0.231977338,-0.676873538,0.4406411795
DE1026,Delaware,DE,2013,5.94,4.3,434,0.5888986587524414,54091.0,924062.0,0.594,0.406,0.200173933,-0.859887417,0.373201505
DE1031,Delaware,DE,1992,6.01,1.58,306,0.5619864463806152,35678.0,690158.0,0.552,0.44799999999999995,0.230990898,-0.980388977,0.42829865400000006
DE1032,Delaware,DE,1999,5.67,2.28,364,0.5712827444076538,46628.0,753538.0,0.586,0.414,0.20177409,-0.662384276,0.321388184
DE1033,Delaware,DE,2007,5.0,3.55,567,0.5483019948005676,54589.0,871749.0,0.5379999999999999,0.462,0.174059084,-1.017960703,0.270566356
DE1034,Delaware,DE,2008,4.36,6.29,401,0.5909945368766785,50702.0,883874.0,0.626,0.374,0.211428647,-1.085394047,0.307587687
DE1035,Delaware,DE,2018,5.72,5.51,608,0.5210975408554077,65012.0,966985.0,0.56,0.44,,,
DE1036,Delaware,DE,2018,5.72,5.51,1510,0.5526166558265686,65012.0,966985.0,0.56,0.44,,,
DE1037,Delaware,DE,2018,5.72,5.51,853,0.5392504930496216,65012.0,966985.0,0.56,0.44,,,
DE1042,Delaware,DE,1994,6.3,2.45,1153,0.5474976301193237,35873.0,708416.0,0.552,0.44799999999999995,0.227930955,-0.874216477,0.445274443
DE1045,Delaware,DE,1999,5.67,2.28,227,0.552768349647522,46628.0,753538.0,0.586,0.414,0.20177409,-0.662384276,0.321388184
DE1046,Delaware,DE,1994,6.3,2.45,1133,0.5472889542579651,35873.0,708416.0,0.552,0.44799999999999995,0.227930955,-0.874216477,0.445274443
DE1047,Delaware,DE,1998,4.48,1.95,755,0.561921238899231,41458.0,744066.0,0.586,0.414,0.207717149,-0.93479493,0.290894813
DE1053,Delaware,DE,2016,5.87,4.91,434,0.5940523147583008,58046.0,949989.0,0.56,0.44,0.231977338,-0.676873538,0.4406411795
DE1058,Delaware,DE,2013,5.94,4.3,96,0.6529613733291626,54091.0,924062.0,0.594,0.406,0.200173933,-0.859887417,0.373201505
DE1059,Delaware,DE,2013,5.94,4.3,191,0.5364517569541931,54091.0,924062.0,0.594,0.406,0.200173933,-0.859887417,0.373201505
DE1060,Delaware,DE,2013,5.94,4.3,191,0.5364517569541931,54091.0,924062.0,0.594,0.406,0.200173933,-0.859887417,0.373201505
DC1005,District of Columbia,DC,1996,,,241,0.5138565301895142,31966.0,538273.0,0.9009999999999999,0.099,,,
DC1011,District of Columbia,DC,2009,,,66,0.6169413328170776,53141.0,592228.0,0.934,0.066,,,
DC1014,District of Columbia,DC,1991,,,185,0.5009706020355225,29885.0,593239.0,0.852,0.14800000000000002,,,
DC1017,District of Columbia,DC,2015,,,159,0.6209669709205627,70071.0,677014.0,0.9279999999999999,0.07200000000000001,,,
DC1020,District of Columbia,DC,2009,,,291,0.5762984156608582,53141.0,592228.0,0.934,0.066,,,
DC1026,District of Columbia,DC,2009,,,291,0.5762984156608582,53141.0,592228.0,0.934,0.066,,,
DC1030,District of Columbia,DC,2015,,,31,0.5918715000152588,70071.0,677014.0,0.9279999999999999,0.07200000000000001,,,
DC1035,District of Columbia,DC,2019,,,793,0.5469252467155457,,,0.9570000000000001,0.043,,,
DC1036,District of Columbia,DC,2019,,,399,0.5496485829353333,,,0.9570000000000001,0.043,,,
DC1038,District of Columbia,DC,2009,,,616,0.5814939737319946,53141.0,592228.0,0.934,0.066,,,
DC1039,District of Columbia,DC,2017,,,62,0.5683442950248718,81282.0,697079.0,0.9570000000000001,0.043,,,
DC1041,District of Columbia,DC,2009,,,616,0.5814939737319946,53141.0,592228.0,0.934,0.066,,,
DC1045,District of Columbia,DC,1994,,,1133,0.5472889542579651,30116.0,564982.0,0.903,0.09699999999999999,,,
DC1046,District of Columbia,DC,1998,,,755,0.561921238899231,33433.0,521426.0,0.9009999999999999,0.099,,,
DC1049,District of Columbia,DC,2008,,,110,0.6089774966239929,55590.0,580236.0,0.934,0.066,,,
DC1050,District of Columbia,DC,2013,,,1681,0.6054146885871887,60057.0,651559.0,0.9279999999999999,0.07200000000000001,,,
DC1055,District of Columbia,DC,2016,,,239,0.6134750843048096,70982.0,687576.0,0.9570000000000001,0.043,,,
DC1056,District of Columbia,DC,1994,,,548,0.5068815350532532,30116.0,564982.0,0.903,0.09699999999999999,,,
DC1057,District of Columbia,DC,1994,,,548,0.5068815350532532,30116.0,564982.0,0.903,0.09699999999999999,,,
FL1008,Florida,FL,2005,5.96,3.74,156,0.5431728363037109,42990.0,17842038.0,0.475,0.525,0.132481328,-1.151089188,0.22856100666666665
FL1012,Florida,FL,1994,8.54,6.51,399,0.6395906209945679,29294.0,13961798.0,0.488,0.512,0.152992051,-0.731000458,0.302502507
FL1020,Florida,FL,1991,9.24,7.35,112,0.5280690789222717,27252.0,13289497.0,0.387,0.613,0.161151377,-0.776058639,0.4589816355
FL1028,Florida,FL,1994,8.54,6.51,399,0.6395906209945679,29294.0,13961798.0,0.488,0.512,0.152992051,-0.731000458,0.302502507
FL1031,Florida,FL,2018,7.58,4.95,169,0.6389475464820862,54644.0,21254926.0,0.493,0.507,,,
FL1032,Florida,FL,2018,7.58,4.95,169,0.6389475464820862,54644.0,21254926.0,0.493,0.507,,,
FL1033,Florida,FL,2018,7.58,4.95,321,0.5088512897491455,54644.0,21254926.0,0.493,0.507,,,
FL1034,Florida,FL,1998,7.1,4.56,195,0.5189965963363647,34909.0,14908230.0,0.532,0.46799999999999997,0.145871594,-1.087856383,0.25486946
FL1035,Florida,FL,2003,6.75,4.07,195,0.5781201720237732,38972.0,17004085.0,0.5,0.5,0.135706381,-1.129050294,0.253667045
FL1036,Florida,FL,2018,7.58,4.95,172,0.6162553429603577,54644.0,21254926.0,0.493,0.507,,,
FL1037,Florida,FL,2018,7.58,4.95,172,0.6162553429603577,54644.0,21254926.0,0.493,0.507,,,
FL1038,Florida,FL,2018,7.58,4.95,991,0.5010820627212524,54644.0,21254926.0,0.493,0.507,,,
FL1039,Florida,FL,2018,7.58,4.95,337,0.5842941999435425,54644.0,21254926.0,0.493,0.507,,,
FL1043,Florida,FL,2018,7.58,4.95,321,0.5088512897491455,54644.0,21254926.0,0.493,0.507,,,
FL1046,Florida,FL,1994,8.54,6.51,1133,0.5472889542579651,29294.0,13961798.0,0.488,0.512,0.152992051,-0.731000458,0.302502507
FL1047,Florida,FL,1998,7.1,4.56,755,0.561921238899231,34909.0,14908230.0,0.532,0.46799999999999997,0.145871594,-1.087856383,0.25486946
FL1052,Florida,FL,2018,7.58,4.95,321,0.5088512897491455,54644.0,21254926.0,0.493,0.507,,,
FL1056,Florida,FL,1992,8.41,6.88,407,0.6438666582107544,27349.0,13504775.0,0.488,0.512,0.158441191,-0.836134761,0.43325633120000007
FL1057,Florida,FL,1992,8.41,6.88,407,0.6438666582107544,27349.0,13504775.0,0.488,0.512,0.158441191,-0.836134761,0.43325633120000007
GA1002,Georgia,GA,1996,8.81,6.59,501,0.6162051558494568,32496.0,7332225.0,0.494,0.506,0.352268091,-0.86156402,0.4846291004999999
GA1009,Georgia,GA,2006,6.75,5.25,292,0.5308967232704163,49344.0,9155813.0,0.41600000000000004,0.584,0.314257025,-0.746681258,0.319583782
GA1011,Georgia,GA,1994,9.01,7.68,1105,0.5923027396202087,31467.0,7045900.0,0.503,0.49700000000000005,0.364525228,-0.587808314,0.443899994
GA1015,Georgia,GA,1994,9.01,7.68,133,0.515350878238678,31467.0,7045900.0,0.503,0.49700000000000005,0.364525228,-0.587808314,0.443899994
GA1019,Georgia,GA,1994,9.01,7.68,275,0.5647385120391846,31467.0,7045900.0,0.503,0.49700000000000005,0.364525228,-0.587808314,0.443899994
GA1024,Georgia,GA,1996,8.81,6.59,501,0.6184008121490479,32496.0,7332225.0,0.494,0.506,0.352268091,-0.86156402,0.4846291004999999
GA1038,Georgia,GA,1994,9.01,7.68,1133,0.5472889542579651,31467.0,7045900.0,0.503,0.49700000000000005,0.364525228,-0.587808314,0.443899994
GA1039,Georgia,GA,1998,7.88,5.12,755,0.561921238899231,38665.0,7636522.0,0.494,0.506,0.326242109,-0.832838437,0.447601539
GA1044,Georgia,GA,1994,9.01,7.68,702,0.532663106918335,31467.0,7045900.0,0.503,0.49700000000000005,0.364525228,-0.587808314,0.443899994
GA1048,Georgia,GA,2017,8.5,6.42,480,0.6044508218765259,57985.0,10417031.0,0.47,0.53,,,
GA1049,Georgia,GA,1992,9.37,7.62,370,0.6489835381507874,28797.0,6759474.0,0.503,0.49700000000000005,0.377545103,-0.656039357,0.5563041532999999
GA1050,Georgia,GA,1992,9.37,7.62,370,0.6489835381507874,28797.0,6759474.0,0.503,0.49700000000000005,0.377545103,-0.656039357,0.5563041532999999
GA1052,Georgia,GA,1999,8.09,5.09,462,0.5937920808792114,39425.0,7788240.0,0.494,0.506,0.320066444,-0.571539136,0.454429608
GA1053,Georgia,GA,1995,8.5,6.72,96,0.6529613733291626,34099.0,7188538.0,0.503,0.49700000000000005,0.361404922,-0.655835382,0.5124538677
HI1008,Hawaii,HI,1992,2.88,1.23,787,0.5778912901878357,42113.0,1149926.0,0.5670000000000001,0.433,0.094406245,0.209517132,0.4514110821
HI1010,Hawaii,HI,1992,2.88,1.23,398,0.6157775521278381,42113.0,1149926.0,0.5670000000000001,0.433,0.094406245,0.209517132,0.4514110821
HI1014,Hawaii,HI,1992,2.88,1.23,167,0.608366072177887,42113.0,1149926.0,0.5670000000000001,0.433,0.094406245,0.209517132,0.4514110821
HI1015,Hawaii,HI,1994,4.27,1.8,156,0.60660320520401,42255.0,1173903.0,0.5670000000000001,0.433,0.095834821,0.779957473,0.4666355446
HI1019,Hawaii,HI,1994,4.27,1.8,111,0.6165400743484497,42255.0,1173903.0,0.5670000000000001,0.433,0.095834821,0.779957473,0.4666355446
HI1028,Hawaii,HI,1992,2.88,1.23,1049,0.5880352258682251,42113.0,1149926.0,0.5670000000000001,0.433,0.094406245,0.209517132,0.4514110821
HI1038,Hawaii,HI,1994,4.27,1.8,111,0.6165400743484497,42255.0,1173903.0,0.5670000000000001,0.433,0.095834821,0.779957473,0.4666355446
HI1044,Hawaii,HI,1992,2.88,1.23,167,0.608366072177887,42113.0,1149926.0,0.5670000000000001,0.433,0.094406245,0.209517132,0.4514110821
HI1046,Hawaii,HI,1994,4.27,1.8,156,0.60660320520401,42255.0,1173903.0,0.5670000000000001,0.433,0.095834821,0.779957473,0.4666355446
HI1052,Hawaii,HI,1993,2.57,1.15,655,0.5077259540557861,42662.0,1161508.0,0.5670000000000001,0.433,0.093903028,0.828494413,0.5295518596
HI1053,Hawaii,HI,1994,4.27,1.8,1988,0.5375572443008423,42255.0,1173903.0,0.5670000000000001,0.433,0.095834821,0.779957473,0.4666355446
HI1054,Hawaii,HI,2000,2.98,0.74,361,0.5365439057350159,51546.0,1213519.0,0.603,0.397,0.088727924,-0.82532697,0.3322399735666667
HI1055,Hawaii,HI,2000,2.98,0.74,219,0.5191565155982971,51546.0,1213519.0,0.603,0.397,0.088727924,-0.82532697,0.3322399735666667
HI1057,Hawaii,HI,1995,3.69,2.13,1110,0.5326665639877319,42851.0,1180490.0,0.5670000000000001,0.433,0.094510243,0.618045501,0.4800578443000001
HI1061,Hawaii,HI,1994,4.27,1.8,818,0.5442069172859192,42255.0,1173903.0,0.5670000000000001,0.433,0.095834821,0.779957473,0.4666355446
HI1065,Hawaii,HI,1994,4.27,1.8,1133,0.5472889542579651,42255.0,1173903.0,0.5670000000000001,0.433,0.095834821,0.779957473,0.4666355446
HI1066,Hawaii,HI,1998,2.28,0.66,755,0.561921238899231,40827.0,1190472.0,0.643,0.35700000000000004,0.092038136,-0.71648542,0.30973015219999994
HI1070,Hawaii,HI,2020,,,465,0.6400558948516846,,,0.674,0.326,,,
HI1071,Hawaii,HI,2020,,,498,0.6324253082275391,,,0.674,0.326,,,
HI1072,Hawaii,HI,1996,2.22,1.48,471,0.6329753994941711,41772.0,1184434.0,0.643,0.35700000000000004,0.094853504,0.320806048,0.48935667260000004
HI1076,Hawaii,HI,2000,2.98,0.74,361,0.5365439057350159,51546.0,1213519.0,0.603,0.397,0.088727924,-0.82532697,0.3322399735666667
HI1078,Hawaii,HI,2019,,,245,0.5365388989448547,,,0.674,0.326,,,
HI1079,Hawaii,HI,2019,,,245,0.5365388989448547,,,0.674,0.326,,,
HI1080,Hawaii,HI,2012,2.8,,269,0.5403766632080078,56263.0,1395199.0,0.7170000000000001,0.28300000000000003,0.085043346,-1.48854819,0.1903011705
ID1002,Idaho,ID,1994,11.74,2.1,938,0.5666125416755676,31536.0,1135459.0,0.40299999999999997,0.597,0.720753911,1.147495862,0.4642755382
ID1003,Idaho,ID,1998,10.97,1.43,36,0.639883816242218,36680.0,1230923.0,0.392,0.608,0.77914868,1.258510672,0.43262616080000005
ID1007,Idaho,ID,2016,12.79,1.04,754,0.5611855983734131,56564.0,1684036.0,0.318,0.682,0.714829614,1.396697636,0.682871621
ID1011,Idaho,ID,1994,11.74,2.1,414,0.603297233581543,31536.0,1135459.0,0.40299999999999997,0.597,0.720753911,1.147495862,0.4642755382
ID1015,Idaho,ID,1994,11.74,2.1,378,0.6023591756820679,31536.0,1135459.0,0.40299999999999997,0.597,0.720753911,1.147495862,0.4642755382
ID1026,Idaho,ID,1994,11.74,2.1,414,0.603297233581543,31536.0,1135459.0,0.40299999999999997,0.597,0.720753911,1.147495862,0.4642755382
ID1031,Idaho,ID,2018,14.0,1.81,382,0.5351051688194275,58728.0,1752074.0,0.318,0.682,,,
ID1037,Idaho,ID,1994,11.74,2.1,1133,0.5472889542579651,31536.0,1135459.0,0.40299999999999997,0.597,0.720753911,1.147495862,0.4642755382
ID1038,Idaho,ID,1998,10.97,1.43,755,0.561921238899231,36680.0,1230923.0,0.392,0.608,0.77914868,1.258510672,0.43262616080000005
ID1039,Idaho,ID,1994,11.74,2.1,305,0.5126990079879761,31536.0,1135459.0,0.40299999999999997,0.597,0.720753911,1.147495862,0.4642755382
ID1040,Idaho,ID,1998,10.97,1.43,755,0.561921238899231,36680.0,1230923.0,0.392,0.608,0.77914868,1.258510672,0.43262616080000005
ID1046,Idaho,ID,1994,11.74,2.1,702,0.532663106918335,31536.0,1135459.0,0.40299999999999997,0.597,0.720753911,1.147495862,0.4642755382
ID1051,Idaho,ID,2008,9.68,0.86,313,0.5866942405700684,47420.0,1534320.0,0.37,0.63,0.723702995,1.082311163,0.50580207
ID1054,Idaho,ID,2014,11.08,1.42,434,0.6227089166641235,53438.0,1632248.0,0.336,0.664,0.745507195,1.176458472,0.4476488927999999
IL1002,Illinois,IL,2013,3.65,4.54,685,0.5751227736473083,53937.0,12895778.0,0.584,0.41600000000000004,0.319156031,-0.75833475,0.353711374
IL1006,Illinois,IL,2013,3.65,4.54,301,0.6114388108253479,53937.0,12895778.0,0.584,0.41600000000000004,0.319156031,-0.75833475,0.353711374
IL1009,Illinois,IL,2000,3.5,5.3,674,0.5189551711082458,46064.0,12434161.0,0.562,0.43799999999999994,0.259407937,-0.99275831,0.3250621776666667
IL1031,Illinois,IL,2013,3.65,4.54,685,0.5751227736473083,53937.0,12895778.0,0.584,0.41600000000000004,0.319156031,-0.75833475,0.353711374
IL1042,Illinois,IL,1996,4.08,7.18,713,0.5534209609031677,39554.0,11953003.0,0.596,0.40399999999999997,0.316327636,-0.895800863,0.2783831049999999
IL1043,Illinois,IL,2008,3.38,4.9,1185,0.5254664421081543,53254.0,12747038.0,0.627,0.373,0.320991013,-0.875871932,0.193236924
IL1044,Illinois,IL,2009,3.05,4.9,1392,0.556924045085907,52870.0,12796778.0,0.627,0.373,0.320366573,-0.882404891,0.316432592
IL1045,Illinois,IL,2013,3.65,4.54,1294,0.5489171743392944,53937.0,12895778.0,0.584,0.41600000000000004,0.319156031,-0.75833475,0.353711374
IL1046,Illinois,IL,2018,4.23,6.34,1142,0.5426368117332458,70145.0,12724685.0,0.584,0.41600000000000004,,,
IL1047,Illinois,IL,2019,,,1595,0.6157231330871582,,,0.584,0.41600000000000004,,,
IL1048,Illinois,IL,2019,,,2172,0.5022825002670288,,,0.584,0.41600000000000004,,,
IL1052,Illinois,IL,1994,4.13,8.49,1133,0.5472889542579651,35081.0,11804986.0,0.586,0.414,0.32928804,-0.919881784,0.31124033
IL1053,Illinois,IL,1998,3.99,6.21,755,0.561921238899231,43178.0,12069774.0,0.596,0.40399999999999997,0.301534518,-1.076784921,0.22676361
IL1055,Illinois,IL,2013,3.65,4.54,685,0.5751227736473083,53937.0,12895778.0,0.584,0.41600000000000004,0.319156031,-0.75833475,0.353711374
IL1056,Illinois,IL,1994,4.13,8.49,293,0.6227834820747375,35081.0,11804986.0,0.586,0.414,0.32928804,-0.919881784,0.31124033
IL1058,Illinois,IL,2013,3.65,4.54,427,0.6302963495254517,53937.0,12895778.0,0.584,0.41600000000000004,0.319156031,-0.75833475,0.353711374
IL1062,Illinois,IL,2013,3.65,4.54,1117,0.5795202851295471,53937.0,12895778.0,0.584,0.41600000000000004,0.319156031,-0.75833475,0.353711374
IL1065,Illinois,IL,2013,3.65,4.54,233,0.6189440488815308,53937.0,12895778.0,0.584,0.41600000000000004,0.319156031,-0.75833475,0.353711374
IL1066,Illinois,IL,2013,3.65,4.54,233,0.6189440488815308,53937.0,12895778.0,0.584,0.41600000000000004,0.319156031,-0.75833475,0.353711374
IN1008,Indiana,IN,2006,6.89,4.18,423,0.5441051125526428,45407.0,6332669.0,0.396,0.604,0.277159188,-0.147396496,0.389799658
IN1010,Indiana,IN,1994,7.64,5.31,732,0.58180171251297,27858.0,5745626.0,0.462,0.5379999999999999,0.339360701,0.014552481,0.472564939
IN1012,Indiana,IN,2011,6.16,3.15,223,0.5958927869796753,44445.0,6517250.0,0.505,0.495,0.263936004,-0.081527714,0.39517759
IN1014,Indiana,IN,1994,7.64,5.31,312,0.5897445678710938,27858.0,5745626.0,0.462,0.5379999999999999,0.339360701,0.014552481,0.472564939
IN1032,Indiana,IN,1994,7.64,5.31,312,0.5897445678710938,27858.0,5745626.0,0.462,0.5379999999999999,0.339360701,0.014552481,0.472564939
IN1036,Indiana,IN,2002,7.27,3.88,361,0.5479029417037964,41047.0,6155967.0,0.42,0.58,0.308791779,0.047344758,0.380933661
IN1037,Indiana,IN,2005,6.55,4.05,658,0.6056380867958069,42437.0,6278616.0,0.396,0.604,0.25922072,-0.043643181,0.4169235514666667
IN1044,Indiana,IN,1994,7.64,5.31,1133,0.5472889542579651,27858.0,5745626.0,0.462,0.5379999999999999,0.339360701,0.014552481,0.472564939
IN1045,Indiana,IN,1998,7.13,4.76,755,0.561921238899231,39731.0,5907617.0,0.469,0.531,0.325432391,0.110834356,0.431211566
IN1050,Indiana,IN,2002,7.27,3.88,398,0.6244266629219055,41047.0,6155967.0,0.42,0.58,0.308791779,0.047344758,0.380933661
IN1053,Indiana,IN,2011,6.16,3.15,287,0.5043666362762451,44445.0,6517250.0,0.505,0.495,0.263936004,-0.081527714,0.39517759
IA1006,Iowa,IA,2011,5.95,1.04,154,0.5760593414306641,50219.0,3066772.0,0.5479999999999999,0.452,0.53007155,0.279277205,0.470663679
IA1031,Iowa,IA,2010,5.59,1.15,1507,0.6105826497077942,49016.0,3050819.0,0.5479999999999999,0.452,0.529609932,0.288294065,0.4545825495
IA1033,Iowa,IA,2017,6.64,2.15,104,0.638738214969635,63467.0,3143734.0,0.449,0.551,,,
IA1038,Iowa,IA,1994,6.18,1.0,1133,0.5472889542579651,33079.0,2829422.0,0.537,0.46299999999999997,0.473420473,-0.334805545,0.48461248
IA1039,Iowa,IA,1998,4.84,1.37,755,0.561921238899231,37019.0,2861025.0,0.557,0.44299999999999995,0.498770266,0.12397281,0.4400188182
KS1004,Kansas,KS,2007,7.51,2.57,325,0.5790371298789978,48497.0,2783785.0,0.371,0.629,0.363183738,0.434785438,0.50371867
KS1005,Kansas,KS,2015,7.59,3.35,158,0.5412996411323547,54865.0,2910717.0,0.387,0.613,0.35170957,0.764034793,0.47178022
KS1007,Kansas,KS,2006,7.64,2.62,116,0.5135054588317871,45552.0,2762931.0,0.371,0.629,0.368492331,0.380526355,0.407495362
KS1011,Kansas,KS,1994,7.37,4.86,95,0.5326625108718872,28322.0,2569118.0,0.465,0.535,0.243697775,0.664999941,0.497403852
KS1026,Kansas,KS,2011,7.94,2.9,151,0.6260644197463989,46147.0,2869677.0,0.424,0.5760000000000001,0.359504849,0.601355265,0.461705555
KS1027,Kansas,KS,2018,9.79,4.52,758,0.587875247001648,63938.0,2912748.0,0.387,0.613,,,
KS1033,Kansas,KS,1994,7.37,4.86,1133,0.5472889542579651,28322.0,2569118.0,0.465,0.535,0.243697775,0.664999941,0.497403852
KS1034,Kansas,KS,1998,7.66,4.02,755,0.561921238899231,36711.0,2638667.0,0.39899999999999997,0.601,0.365417875,0.682429442,0.39297306
KS1039,Kansas,KS,1994,7.37,4.86,702,0.532663106918335,28322.0,2569118.0,0.465,0.535,0.243697775,0.664999941,0.497403852
KS1043,Kansas,KS,2017,10.58,4.87,610,0.5454970002174377,56900.0,2910892.0,0.387,0.613,,,
KS1045,Kansas,KS,2005,6.72,2.24,454,0.6483471989631653,42027.0,2745299.0,0.371,0.629,0.380298395,0.401028338,0.4100575680333334
KS1046,Kansas,KS,2007,7.51,2.57,378,0.6331449151039124,48497.0,2783785.0,0.371,0.629,0.363183738,0.434785438,0.50371867
KY1004,Kentucky,KY,1996,8.77,3.67,96,0.5626269578933716,32413.0,3881051.0,0.505,0.495,0.357983868,-0.229946832,0.5472987985
KY1006,Kentucky,KY,2006,8.91,2.68,293,0.5305036902427673,39485.0,4219239.0,0.4,0.6,0.375117069,0.061052793,0.428726132
KY1008,Kentucky,KY,1994,9.83,4.19,666,0.5187664031982422,26595.0,3823215.0,0.519,0.48100000000000004,0.358423311,-0.526680912,0.565914949
KY1010,Kentucky,KY,1994,9.83,4.19,111,0.5912913680076599,26595.0,3823215.0,0.519,0.48100000000000004,0.358423311,-0.526680912,0.565914949
KY1012,Kentucky,KY,1994,9.83,4.19,578,0.5550388693809509,26595.0,3823215.0,0.519,0.48100000000000004,0.358423311,-0.526680912,0.565914949
KY1030,Kentucky,KY,2019,,,182,0.631757915019989,,,0.34299999999999997,0.657,,,
KY1033,Kentucky,KY,1994,9.83,4.19,1133,0.5472889542579651,26595.0,3823215.0,0.519,0.48100000000000004,0.358423311,-0.526680912,0.565914949
KY1034,Kentucky,KY,1998,9.49,4.29,755,0.561921238899231,36252.0,3934310.0,0.505,0.495,0.380889344,0.182662218,0.570738863
KY1039,Kentucky,KY,1994,9.83,4.19,702,0.532663106918335,26595.0,3823215.0,0.519,0.48100000000000004,0.358423311,-0.526680912,0.565914949
LA1005,Louisiana,LA,1996,9.04,13.43,311,0.549206554889679,30262.0,4338763.0,0.5660000000000001,0.434,0.242025521,-0.82705625,0.4228817274999999
LA1008,Louisiana,LA,2006,7.69,10.01,133,0.5390536785125732,36488.0,4302665.0,0.42700000000000005,0.573,0.363328348,-0.609885762,0.443907064
LA1011,Louisiana,LA,1999,8.95,7.52,209,0.5256270170211792,32654.0,4372035.0,0.5660000000000001,0.434,0.363111575,-0.668872288,0.491883057
LA1027,Louisiana,LA,2014,9.18,9.13,621,0.6047315001487732,42406.0,4645938.0,0.41200000000000003,0.588,0.359435297,-0.721171579,0.445944937
LA1028,Louisiana,LA,2017,9.24,11.79,196,0.5856622457504272,43565.0,4673673.0,0.39799999999999996,0.602,,,
LA1029,Louisiana,LA,2018,9.61,11.09,300,0.5210369825363159,49973.0,4664450.0,0.39799999999999996,0.602,,,
LA1030,Louisiana,LA,2018,9.61,11.09,461,0.6040344834327698,49973.0,4664450.0,0.39799999999999996,0.602,,,
LA1037,Louisiana,LA,1994,9.89,16.19,1133,0.5472889542579651,25676.0,4306500.0,0.527,0.473,0.350455856,-1.041355316,0.538665322
LA1038,Louisiana,LA,1998,7.97,9.66,755,0.561921238899231,31735.0,4362758.0,0.5660000000000001,0.434,0.363413766,-0.662264688,0.373942497
LA1044,Louisiana,LA,1994,9.89,16.19,702,0.532663106918335,25676.0,4306500.0,0.527,0.473,0.350455856,-1.041355316,0.538665322
LA1048,Louisiana,LA,2018,9.61,11.09,153,0.5043783783912659,49973.0,4664450.0,0.39799999999999996,0.602,,,
LA1049,Louisiana,LA,1996,9.04,13.43,188,0.6037944555282593,30262.0,4338763.0,0.5660000000000001,0.434,0.242025521,-0.82705625,0.4228817274999999
LA1050,Louisiana,LA,1993,9.7,16.15,504,0.6103938817977905,26312.0,4284749.0,0.527,0.473,0.353715023,-1.046695882,0.5864066855000001
LA1051,Louisiana,LA,1993,9.7,16.15,504,0.6103938817977905,26312.0,4284749.0,0.527,0.473,0.353715023,-1.046695882,0.5864066855000001
ME1005,Maine,ME,2015,8.64,1.14,566,0.5296481847763062,50756.0,1329098.0,0.578,0.42200000000000004,0.406261381,0.350455846,0.488383346
ME1010,Maine,ME,2003,5.15,0.5,141,0.5398997664451599,37113.0,1306513.0,0.527,0.473,0.40841496,0.233033637,0.453414015
ME1023,Maine,ME,1997,6.3,0.85,651,0.5182358622550964,32772.0,1245215.0,0.627,0.373,0.368079151,-0.201114923,0.461687403
ME1024,Maine,ME,2002,5.92,0.62,205,0.5954381823539734,36853.0,1295960.0,0.527,0.473,0.40337074,0.295530314,0.414889428
ME1025,Maine,ME,2003,5.15,0.5,1169,0.553318202495575,37113.0,1306513.0,0.527,0.473,0.40841496,0.233033637,0.453414015
ME1026,Maine,ME,2009,7.47,1.05,319,0.5787359476089478,47502.0,1329590.0,0.588,0.41200000000000003,0.41927531,0.505982969,0.483024092
ME1033,Maine,ME,1994,7.75,1.63,1133,0.5472889542579651,30316.0,1237687.0,0.561,0.439,0.378285936,0.041205944,0.4663301312
ME1034,Maine,ME,1998,8.3,0.89,755,0.561921238899231,35640.0,1247554.0,0.627,0.373,0.35831533,-0.199355122,0.4059977154
ME1038,Maine,ME,1994,7.75,1.63,702,0.532663106918335,30316.0,1237687.0,0.561,0.439,0.378285936,0.041205944,0.4663301312
MD1001,Maryland,MD,1996,5.32,8.51,430,0.5862812399864197,43993.0,5057142.0,0.586,0.414,0.194681872,-0.781648654,0.2185660245
MD1008,Maryland,MD,1992,5.2,8.85,238,0.5194903016090393,37203.0,4902545.0,0.583,0.41700000000000004,0.208037579,-0.567203744,0.4628517893
MD1010,Maryland,MD,2003,4.37,7.31,235,0.5953463912010193,52314.0,5496269.0,0.585,0.415,0.219386158,-0.790821233,0.234818852
MD1012,Maryland,MD,1994,6.01,8.75,141,0.5873463749885559,39198.0,4985411.0,0.583,0.41700000000000004,0.196354097,-0.619270049,0.317642894
MD1013,Maryland,MD,2013,4.1,5.15,82,0.6354311108589172,69353.0,5925197.0,0.628,0.37200000000000005,0.0,-1.347434079,0.265360831
MD1015,Maryland,MD,1996,5.32,8.51,136,0.5540456771850586,43993.0,5057142.0,0.586,0.414,0.194681872,-0.781648654,0.2185660245
MD1020,Maryland,MD,1996,5.32,8.51,1089,0.5730543732643127,43993.0,5057142.0,0.586,0.414,0.194681872,-0.781648654,0.2185660245
MD1024,Maryland,MD,1996,5.32,8.51,1081,0.575122594833374,43993.0,5057142.0,0.586,0.414,0.194681872,-0.781648654,0.2185660245
MD1028,Maryland,MD,2013,4.1,5.15,229,0.5203157067298889,69353.0,5925197.0,0.628,0.37200000000000005,0.0,-1.347434079,0.265360831
MD1030,Maryland,MD,2013,4.1,5.15,346,0.5957021117210388,69353.0,5925197.0,0.628,0.37200000000000005,0.0,-1.347434079,0.265360831
MD1034,Maryland,MD,1996,5.32,8.51,115,0.5888742804527283,43993.0,5057142.0,0.586,0.414,0.194681872,-0.781648654,0.2185660245
MD1035,Maryland,MD,2009,4.26,5.61,166,0.6069238185882568,64186.0,5730388.0,0.629,0.371,0.223700273,-1.137995221,0.212613284
MD1036,Maryland,MD,2013,4.1,5.15,378,0.6140493154525757,69353.0,5925197.0,0.628,0.37200000000000005,0.0,-1.347434079,0.265360831
MD1037,Maryland,MD,2018,4.07,7.3,1199,0.5764132142066956,86223.0,6042153.0,0.632,0.368,,,
MD1038,Maryland,MD,2018,4.07,7.3,1540,0.5424256920814514,86223.0,6042153.0,0.632,0.368,,,
MD1040,Maryland,MD,2013,4.1,5.15,509,0.575392484664917,69353.0,5925197.0,0.628,0.37200000000000005,0.0,-1.347434079,0.265360831
MD1044,Maryland,MD,2013,4.1,5.15,122,0.6155749559402466,69353.0,5925197.0,0.628,0.37200000000000005,0.0,-1.347434079,0.265360831
MD1047,Maryland,MD,1994,6.01,8.75,1133,0.5472889542579651,39198.0,4985411.0,0.583,0.41700000000000004,0.196354097,-0.619270049,0.317642894
MD1048,Maryland,MD,1998,5.12,7.59,755,0.561921238899231,50016.0,5130072.0,0.586,0.414,0.192331831,-0.859559765,0.199101943
MD1054,Maryland,MD,1996,5.32,8.51,248,0.6229724884033203,43993.0,5057142.0,0.586,0.414,0.194681872,-0.781648654,0.2185660245
MD1060,Maryland,MD,2013,4.1,5.15,152,0.6232233047485352,69353.0,5925197.0,0.628,0.37200000000000005,0.0,-1.347434079,0.265360831
MA1008,Massachusetts,MA,1998,2.39,1.03,377,0.6166868805885315,42345.0,6144407.0,0.6859999999999999,0.314,0.195986093,-1.597523252,0.169080838
MA1010,Massachusetts,MA,1998,2.39,1.03,365,0.5672960877418518,42345.0,6144407.0,0.6859999999999999,0.314,0.195986093,-1.597523252,0.169080838
MA1015,Massachusetts,MA,1998,2.39,1.03,958,0.5145856738090515,42345.0,6144407.0,0.6859999999999999,0.314,0.195986093,-1.597523252,0.169080838
MA1017,Massachusetts,MA,1998,2.39,1.03,575,0.5081400871276855,42345.0,6144407.0,0.6859999999999999,0.314,0.195986093,-1.597523252,0.169080838
MA1028,Massachusetts,MA,1998,2.39,1.03,365,0.5672960877418518,42345.0,6144407.0,0.6859999999999999,0.314,0.195986093,-1.597523252,0.169080838
MA1037,Massachusetts,MA,1994,2.48,2.33,2220,0.5350251793861389,40500.0,6031352.0,0.621,0.379,0.206918858,-1.465318007,0.196310747
MA1038,Massachusetts,MA,1994,2.48,2.33,1224,0.6020570397377014,40500.0,6031352.0,0.621,0.379,0.206918858,-1.465318007,0.196310747
MA1039,Massachusetts,MA,2015,1.59,1.26,987,0.5574775338172913,67861.0,6797484.0,0.617,0.38299999999999995,0.185203677,-1.435065335,0.2076735
MA1041,Massachusetts,MA,2015,1.59,1.26,685,0.5968758463859558,67861.0,6797484.0,0.617,0.38299999999999995,0.185203677,-1.435065335,0.2076735
MA1052,Massachusetts,MA,1994,2.48,2.33,1133,0.5472889542579651,40500.0,6031352.0,0.621,0.379,0.206918858,-1.465318007,0.196310747
MA1053,Massachusetts,MA,1998,2.39,1.03,755,0.561921238899231,42345.0,6144407.0,0.6859999999999999,0.314,0.195986093,-1.597523252,0.169080838
MI1007,Michigan,MI,2001,5.44,5.03,289,0.5887014865875244,45047.0,9991120.0,0.526,0.474,0.473236167,-0.229426902,0.38629928
MI1010,Michigan,MI,2006,5.8,5.5,266,0.6001599431037903,48647.0,10036081.0,0.517,0.483,0.461430785,-0.004437242,0.381263173
MI1013,Michigan,MI,1991,7.21,7.95,134,0.5754749178886414,32117.0,9395022.0,0.46,0.54,0.467120683,-0.360289309,0.5186955355
MI1017,Michigan,MI,1991,7.21,7.95,204,0.5087409615516663,32117.0,9395022.0,0.46,0.54,0.467120683,-0.360289309,0.5186955355
MI1029,Michigan,MI,1991,7.21,7.95,134,0.5754749178886414,32117.0,9395022.0,0.46,0.54,0.467120683,-0.360289309,0.5186955355
MI1032,Michigan,MI,1991,7.21,7.95,287,0.5445548892021179,32117.0,9395022.0,0.46,0.54,0.467120683,-0.360289309,0.5186955355
MI1033,Michigan,MI,1991,7.21,7.95,287,0.5445548892021179,32117.0,9395022.0,0.46,0.54,0.467120683,-0.360289309,0.5186955355
MI1034,Michigan,MI,2002,5.79,4.94,1743,0.5767740607261658,42715.0,10015710.0,0.526,0.474,0.472101637,-0.065379331,0.3725906445
MI1035,Michigan,MI,2002,5.79,4.94,111,0.5776580572128296,42715.0,10015710.0,0.526,0.474,0.472101637,-0.065379331,0.3725906445
MI1042,Michigan,MI,1994,6.3,7.47,1133,0.5472889542579651,35284.0,9584481.0,0.546,0.45399999999999996,0.450317986,-0.464771319,0.447829221
MI1043,Michigan,MI,1998,5.64,5.12,755,0.561921238899231,41821.0,9820231.0,0.573,0.42700000000000005,0.488974168,-0.078122945,0.381942724
MI1049,Michigan,MI,2001,5.44,5.03,199,0.5827569365501404,45047.0,9991120.0,0.526,0.474,0.473236167,-0.229426902,0.38629928
MI1051,Michigan,MI,1991,7.21,7.95,166,0.5707802176475525,32117.0,9395022.0,0.46,0.54,0.467120683,-0.360289309,0.5186955355
MI1054,Michigan,MI,1991,7.21,7.95,104,0.5721471905708313,32117.0,9395022.0,0.46,0.54,0.467120683,-0.360289309,0.5186955355
MI1055,Michigan,MI,1991,7.21,7.95,104,0.5721471905708313,32117.0,9395022.0,0.46,0.54,0.467120683,-0.360289309,0.5186955355
MN1005,Minnesota,MN,2003,4.79,1.46,653,0.6044555306434631,52823.0,5053572.0,0.513,0.48700000000000004,0.522482249,0.201395981,0.428399228
MN1008,Minnesota,MN,1993,5.22,1.76,303,0.5997373461723328,33682.0,4521709.0,0.5770000000000001,0.423,0.481067578,-0.487074922,0.447216683
MN1020,Minnesota,MN,1993,5.22,1.76,65,0.5710996985435486,33682.0,4521709.0,0.5770000000000001,0.423,0.481067578,-0.487074922,0.447216683
MN1029,Minnesota,MN,1994,5.43,1.97,174,0.5038868188858032,33644.0,4566028.0,0.5770000000000001,0.423,0.467808231,-0.475205195,0.439899599
MN1030,Minnesota,MN,2014,5.33,1.11,646,0.5752024054527283,67244.0,5452665.0,0.539,0.461,0.522012404,0.134814404,0.293939083
MN1035,Minnesota,MN,1994,5.43,1.97,1133,0.5472889542579651,33644.0,4566028.0,0.5770000000000001,0.423,0.467808231,-0.475205195,0.439899599
MN1036,Minnesota,MN,1998,5.09,1.13,755,0.561921238899231,47926.0,4726411.0,0.594,0.406,0.462179809,0.049963089,0.383814533
MS1005,Mississippi,MS,2016,8.71,9.82,343,0.6057422161102295,41099.0,2990595.0,0.405,0.595,0.337964941,-0.532068359,0.569575154
MS1007,Mississippi,MS,2006,7.65,7.76,258,0.5167179703712463,34733.0,2904978.0,0.401,0.599,0.284187871,-0.276090664,0.3601627398
MS1009,Mississippi,MS,1994,9.15,12.39,316,0.6058772802352905,25400.0,2663450.0,0.451,0.5489999999999999,0.308383122,-1.025806194,0.537482648
MS1011,Mississippi,MS,1994,9.15,12.39,120,0.5549723505973816,25400.0,2663450.0,0.451,0.5489999999999999,0.308383122,-1.025806194,0.537482648
MS1031,Mississippi,MS,1994,9.15,12.39,1133,0.5472889542579651,25400.0,2663450.0,0.451,0.5489999999999999,0.308383122,-1.025806194,0.537482648
MS1032,Mississippi,MS,1998,8.76,8.01,755,0.561921238899231,29120.0,2751335.0,0.473,0.527,0.294585447,-0.101233857,0.434702718
MS1038,Mississippi,MS,1994,9.15,12.39,702,0.532663106918335,25400.0,2663450.0,0.451,0.5489999999999999,0.308383122,-1.025806194,0.537482648
MS1042,Mississippi,MS,2011,8.85,7.65,1245,0.5742138624191284,41090.0,2979147.0,0.434,0.5660000000000001,0.266686883,-0.417270445,0.537739768
MS1043,Mississippi,MS,1991,10.89,10.33,307,0.5731247663497925,19475.0,2591230.0,0.395,0.605,0.318222409,-1.305228862,0.623782991
MS1044,Mississippi,MS,1994,9.15,12.39,427,0.6401799321174622,25400.0,2663450.0,0.451,0.5489999999999999,0.308383122,-1.025806194,0.537482648
MS1045,Mississippi,MS,1994,9.15,12.39,427,0.6401799321174622,25400.0,2663450.0,0.451,0.5489999999999999,0.308383122,-1.025806194,0.537482648
MO1008,Missouri,MO,2004,6.67,4.46,282,0.5840052962303162,42137.0,5747741.0,0.46399999999999997,0.536,0.442469997,0.209118531,0.4724119203333333
MO1009,Missouri,MO,2017,10.91,9.72,209,0.5955970287322998,56530.0,6111382.0,0.39899999999999997,0.601,,,
MO1061,Missouri,MO,2016,10.26,8.03,164,0.5442278981208801,55016.0,6091384.0,0.39899999999999997,0.601,0.536197292,0.680884463,0.5562559254999999
MO1011,Missouri,MO,2007,7.47,4.6,94,0.6037678718566895,46005.0,5887612.0,0.46399999999999997,0.536,0.531210435,0.328454315,0.469239032
MO1016,Missouri,MO,2007,7.47,4.6,577,0.5803842544555664,46005.0,5887612.0,0.46399999999999997,0.536,0.531210435,0.328454315,0.469239032
MO1022,Missouri,MO,2012,8.71,5.38,304,0.5732062458992004,49764.0,6026027.0,0.451,0.5489999999999999,0.532493597,0.759524312,0.519972625
MO1039,Missouri,MO,2008,6.87,6.23,126,0.508783757686615,46038.0,5923916.0,0.499,0.501,0.529093557,0.40492517,0.489980671
MO1046,Missouri,MO,1994,9.33,8.09,1133,0.5472889542579651,30190.0,5281206.0,0.565,0.435,0.434142415,0.059977046,0.48918683
MO1047,Missouri,MO,1998,7.66,5.12,755,0.561921238899231,40201.0,5437562.0,0.535,0.465,0.439360757,0.251508571,0.462148327
MO1056,Missouri,MO,2003,7.07,3.88,1112,0.5966829061508179,43762.0,5709403.0,0.483,0.517,0.453776319,0.166872288,0.457308906
MO1059,Missouri,MO,2000,7.69,4.92,96,0.6529613733291626,45097.0,5607285.0,0.483,0.517,0.435808479,0.091083678,0.4756636386666666
MO1060,Missouri,MO,2004,6.67,4.46,44,0.594403862953186,42137.0,5747741.0,0.46399999999999997,0.536,0.442469997,0.209118531,0.4724119203333333
MT1001,Montana,MT,2004,10.9,1.32,54,0.6347326040267944,33956.0,930009.0,0.395,0.605,0.938712267,2.427317465,0.6067851165
MT1002,Montana,MT,2008,13.27,1.69,54,0.5906770825386047,42900.0,976415.0,0.488,0.512,0.956858352,2.57303317,0.6062765304
MT1003,Montana,MT,2008,13.27,1.69,645,0.5103036761283875,42900.0,976415.0,0.488,0.512,0.956858352,2.57303317,0.6062765304
MT1004,Montana,MT,1996,14.03,2.88,397,0.5802270174026489,28684.0,876656.0,0.483,0.517,0.894564295,2.399865922,0.5789830055
MT1007,Montana,MT,2011,14.71,1.15,69,0.6342723965644836,40277.0,997518.0,0.488,0.512,0.959378879,2.512360914,0.523532296
MT1008,Montana,MT,2006,10.38,1.19,37,0.603834867477417,41105.0,952692.0,0.395,0.605,0.955521981,2.728939768,0.5723225193999999
MT1025,Montana,MT,1995,15.27,2.63,1452,0.5030233860015869,27757.0,868522.0,0.517,0.483,0.905851713,2.070483098,0.5246965638000001
MT1026,Montana,MT,1995,15.27,2.63,1411,0.5053501725196838,27757.0,868522.0,0.517,0.483,0.905851713,2.070483098,0.5246965638000001
MT1027,Montana,MT,1995,15.27,2.63,172,0.5898829698562622,27757.0,868522.0,0.517,0.483,0.905851713,2.070483098,0.5246965638000001
MT1033,Montana,MT,1994,13.81,2.09,1133,0.5472889542579651,27631.0,854923.0,0.517,0.483,0.908623922,2.095529524,0.558806409
MT1034,Montana,MT,1998,11.08,1.58,755,0.561921238899231,31577.0,879533.0,0.483,0.517,0.812539086,2.047912348,0.617781155
MT1040,Montana,MT,1994,13.81,2.09,702,0.532663106918335,27631.0,854923.0,0.517,0.483,0.908623922,2.095529524,0.558806409
MT1042,Montana,MT,1995,15.27,2.63,122,0.6036400198936462,27757.0,868522.0,0.517,0.483,0.905851713,2.070483098,0.5246965638000001
NE1001,Nebraska,NE,1991,7.39,1.93,996,0.5444630980491638,29549.0,1590805.0,0.395,0.605,0.453139402,0.23765754,0.628525315
NE1003,Nebraska,NE,1991,7.39,1.93,291,0.5807203054428101,29549.0,1590805.0,0.395,0.605,0.453139402,0.23765754,0.628525315
NE1006,Nebraska,NE,2007,4.91,2.49,412,0.6153329014778137,49174.0,1783440.0,0.332,0.6679999999999999,0.440145899,0.324338147,0.533507731
NE1009,Nebraska,NE,1991,7.39,1.93,539,0.5906815528869629,29549.0,1590805.0,0.395,0.605,0.453139402,0.23765754,0.628525315
NE1012,Nebraska,NE,1991,7.39,1.93,105,0.589661180973053,29549.0,1590805.0,0.395,0.605,0.453139402,0.23765754,0.628525315
NE1013,Nebraska,NE,1994,6.51,2.04,667,0.6090337634086609,31794.0,1621551.0,0.387,0.613,0.443129463,0.210396105,0.4698987268
NE1020,Nebraska,NE,1991,7.39,1.93,1169,0.5877535343170166,29549.0,1590805.0,0.395,0.605,0.453139402,0.23765754,0.628525315
NE1025,Nebraska,NE,1994,6.51,2.04,667,0.6090337634086609,31794.0,1621551.0,0.387,0.613,0.443129463,0.210396105,0.4698987268
NE1027,Nebraska,NE,2006,5.71,1.71,394,0.6065507531166077,48145.0,1772693.0,0.332,0.6679999999999999,0.442233245,0.329074387,0.3676908728
NE1029,Nebraska,NE,2012,6.16,2.6,283,0.5782272815704346,52196.0,1853691.0,0.384,0.616,0.455469883,0.396867095,0.466815573
NE1030,Nebraska,NE,2012,6.16,2.6,521,0.5719257593154907,52196.0,1853691.0,0.384,0.616,0.455469883,0.396867095,0.466815573
NE1036,Nebraska,NE,1994,6.51,2.04,1133,0.5472889542579651,31794.0,1621551.0,0.387,0.613,0.443129463,0.210396105,0.4698987268
NE1037,Nebraska,NE,1998,6.82,1.95,755,0.561921238899231,36413.0,1660772.0,0.39399999999999996,0.606,0.454030268,0.252126413,0.4668527624
NE1044,Nebraska,NE,1991,7.39,1.93,996,0.5444630980491638,29549.0,1590805.0,0.395,0.605,0.453139402,0.23765754,0.628525315
NE1045,Nebraska,NE,2004,4.92,1.34,263,0.5229660868644714,43786.0,1749370.0,0.332,0.6679999999999999,0.440018817,0.41941392,0.4947901875
NE1047,Nebraska,NE,1994,6.51,2.04,210,0.600684404373169,31794.0,1621551.0,0.387,0.613,0.443129463,0.210396105,0.4698987268
NE1048,Nebraska,NE,2009,5.02,1.8,570,0.513921856880188,49595.0,1812683.0,0.424,0.5760000000000001,0.460790412,0.434206855,0.488849361
NE1049,Nebraska,NE,1994,6.51,2.04,369,0.6391977071762085,31794.0,1621551.0,0.387,0.613,0.443129463,0.210396105,0.4698987268
NE1051,Nebraska,NE,2009,5.02,1.8,696,0.6148850321769714,49595.0,1812683.0,0.424,0.5760000000000001,0.460790412,0.434206855,0.488849361
NV1001,Nevada,NV,2020,,,200,0.6011615991592407,,,0.513,0.48700000000000004,,,
NV1005,Nevada,NV,1995,17.12,6.8,680,0.5951352715492249,36084.0,1525777.0,0.518,0.48200000000000004,0.232570696,1.178307525,0.4637562591
NV1007,Nevada,NV,2011,9.68,3.18,207,0.5304722189903259,47043.0,2713114.0,0.564,0.436,0.197623029,0.201225969,0.308443177
NV1009,Nevada,NV,1991,17.46,7.15,863,0.5792961120605469,32937.0,1285046.0,0.392,0.608,0.269511031,1.203719412,0.673052528
NV1012,Nevada,NV,1995,17.12,6.8,378,0.5857924818992615,36084.0,1525777.0,0.518,0.48200000000000004,0.232570696,1.178307525,0.4637562591
NV1017,Nevada,NV,1997,15.57,6.13,1594,0.5478876233100891,38854.0,1675581.0,0.506,0.494,0.21642165,0.796678382,0.544995377
NV1019,Nevada,NV,2020,,,162,0.6107587814331055,,,0.513,0.48700000000000004,,,
NV1023,Nevada,NV,1995,17.12,6.8,378,0.5857924818992615,36084.0,1525777.0,0.518,0.48200000000000004,0.232570696,1.178307525,0.4637562591
NV1024,Nevada,NV,2003,11.43,5.03,137,0.6105231046676636,45184.0,2248850.0,0.48100000000000004,0.519,0.183724211,0.213118946,0.377492819
NV1025,Nevada,NV,2003,11.43,5.03,137,0.6105231046676636,45184.0,2248850.0,0.48100000000000004,0.519,0.183724211,0.213118946,0.377492819
NV1026,Nevada,NV,2007,10.34,5.03,1329,0.5957598090171814,54058.0,2601072.0,0.48700000000000004,0.513,0.20001261,0.307176613,0.44650103
NV1027,Nevada,NV,2015,9.48,4.49,228,0.5479124188423157,52008.0,2868531.0,0.5329999999999999,0.467,0.202738498,0.166582876,0.400815285
NV1031,Nevada,NV,1997,15.57,6.13,1594,0.5478876233100891,38854.0,1675581.0,0.506,0.494,0.21642165,0.796678382,0.544995377
NV1034,Nevada,NV,1994,15.04,7.19,1133,0.5472889542579651,35871.0,1456388.0,0.518,0.48200000000000004,0.226080058,1.208158532,0.44867139759999997
NV1035,Nevada,NV,1998,13.26,6.26,755,0.561921238899231,39756.0,1743772.0,0.506,0.494,0.221137963,0.901564903,0.4117751142
NV1051,Nevada,NV,2019,,,572,0.5666049122810364,,,0.513,0.48700000000000004,,,
NV1052,Nevada,NV,2019,,,572,0.5666049122810364,,,0.513,0.48700000000000004,,,
NV1043,Nevada,NV,1995,17.12,6.8,306,0.6043533086776733,36084.0,1525777.0,0.518,0.48200000000000004,0.232570696,1.178307525,0.4637562591
NV1049,Nevada,NV,2017,10.57,5.41,908,0.603838324546814,58041.0,2972097.0,0.513,0.48700000000000004,,,
NH1002,New Hampshire,NH,1995,7.23,0.59,364,0.6309945583343506,39171.0,1145604.0,0.508,0.49200000000000005,0.329018931,-0.36563993,0.4404380749
NH1006,New Hampshire,NH,2011,5.03,0.78,212,0.5168445110321045,65880.0,1320444.0,0.5489999999999999,0.451,0.375193077,0.35800325,0.476109654
NH1008,New Hampshire,NH,2001,6.28,0.7,325,0.6036344766616821,51331.0,1255517.0,0.493,0.507,0.403731331,-0.155701097,0.289490032
NH1020,New Hampshire,NH,1995,7.23,0.59,427,0.5874221324920654,39171.0,1145604.0,0.508,0.49200000000000005,0.329018931,-0.36563993,0.4404380749
NH1026,New Hampshire,NH,2000,5.33,0.63,856,0.529819905757904,50926.0,1239882.0,0.493,0.507,0.414655465,-0.170041161,0.4142377875
NH1027,New Hampshire,NH,2000,5.33,0.63,1852,0.5350930094718933,50926.0,1239882.0,0.493,0.507,0.414655465,-0.170041161,0.4142377875
NH1029,New Hampshire,NH,2017,9.15,,307,0.5428996682167053,75630.0,1350395.0,0.502,0.498,,,
NH1035,New Hampshire,NH,1994,6.38,1.31,1133,0.5472889542579651,35245.0,1133054.0,0.508,0.49200000000000005,0.32758059,0.245385934,0.46989872680000006
NH1036,New Hampshire,NH,1998,7.02,0.33,755,0.561921238899231,44958.0,1185823.0,0.556,0.444,0.341875226,-0.291686004,0.3842182276
NH1043,New Hampshire,NH,1994,6.38,1.31,702,0.532663106918335,35245.0,1133054.0,0.508,0.49200000000000005,0.32758059,0.245385934,0.46989872680000006
NH1044,New Hampshire,NH,2000,5.33,0.63,262,0.5555799007415771,50926.0,1239882.0,0.493,0.507,0.414655465,-0.170041161,0.4142377875
NH1047,New Hampshire,NH,2004,4.13,0.82,793,0.5424299240112305,56815.0,1290121.0,0.507,0.493,0.387987039,-0.296849319,0.3406480205
NJ1009,New Jersey,NJ,1992,2.21,2.67,493,0.6191340684890747,39000.0,7827770.0,0.514,0.486,0.197372186,-1.398975494,0.29903000479999997
NJ1013,New Jersey,NJ,2001,1.92,2.3,344,0.5518803000450134,51771.0,8492671.0,0.5820000000000001,0.418,0.169831539,-1.656746791,0.11669447
NJ1016,New Jersey,NJ,2001,1.92,2.3,226,0.5035322308540344,51771.0,8492671.0,0.5820000000000001,0.418,0.169831539,-1.656746791,0.11669447
NJ1018,New Jersey,NJ,2009,1.86,2.74,978,0.6081945896148682,64777.0,8755602.0,0.579,0.42100000000000004,0.176757776,-1.843219572,0.122503138
NJ1036,New Jersey,NJ,2004,2.08,3.1,1555,0.6007154583930969,55275.0,8634561.0,0.534,0.466,0.180888038,-1.56922988,0.1178189253333333
NJ1037,New Jersey,NJ,2004,2.08,3.1,824,0.5715745687484741,55275.0,8634561.0,0.534,0.466,0.180888038,-1.56922988,0.1178189253333333
NJ1038,New Jersey,NJ,2017,2.14,3.14,824,0.5715745687484741,71240.0,8888147.0,0.568,0.43200000000000005,,,
NJ1039,New Jersey,NJ,2017,2.14,3.14,541,0.617466926574707,71240.0,8888147.0,0.568,0.43200000000000005,,,
NJ1041,New Jersey,NJ,2019,,,398,0.5701398849487305,,,0.568,0.43200000000000005,,,
NJ1043,New Jersey,NJ,2019,,,64,0.643747866153717,,,0.568,0.43200000000000005,,,
NJ1047,New Jersey,NJ,1994,2.3,2.71,1133,0.5472889542579651,42280.0,7918796.0,0.514,0.486,0.196651229,-1.486082399,0.150907307
NJ1048,New Jersey,NJ,1998,2.57,2.06,755,0.561921238899231,49826.0,8095542.0,0.6,0.4,0.190483494,-1.893376663,0.154083924
NJ1054,New Jersey,NJ,2004,2.08,3.1,567,0.6158280372619629,55275.0,8634561.0,0.534,0.466,0.180888038,-1.56922988,0.1178189253333333
NJ1056,New Jersey,NJ,1992,2.21,2.67,302,0.6255951523780823,39000.0,7827770.0,0.514,0.486,0.197372186,-1.398975494,0.29903000479999997
NJ1057,New Jersey,NJ,1992,2.21,2.67,302,0.6255951523780823,39000.0,7827770.0,0.514,0.486,0.197372186,-1.398975494,0.29903000479999997
NJ1058,New Jersey,NJ,1992,2.21,2.67,302,0.6255951523780823,39000.0,7827770.0,0.514,0.486,0.197372186,-1.398975494,0.29903000479999997
NJ1061,New Jersey,NJ,2017,2.14,3.14,1660,0.6050708889961243,71240.0,8888147.0,0.568,0.43200000000000005,,,
NJ1063,New Jersey,NJ,2008,1.88,2.94,216,0.5649496912956238,65306.0,8711090.0,0.579,0.42100000000000004,0.1772088,-1.840063974,0.076028006
NJ1064,New Jersey,NJ,2008,1.88,2.94,216,0.5649496912956238,65306.0,8711090.0,0.579,0.42100000000000004,0.1772088,-1.840063974,0.076028006
NM1004,New Mexico,NM,2004,10.26,4.27,1368,0.5972639322280884,39562.0,1903808.0,0.498,0.502,0.44646562,0.254093381,0.3748745293333333
NM1007,New Mexico,NM,1994,12.13,6.25,1194,0.5002254247665405,26905.0,1653329.0,0.551,0.449,0.365134595,0.053806517,0.4663301312
NM1021,New Mexico,NM,2019,,,525,0.5986986756324768,,,0.547,0.45299999999999996,,,
NM1028,New Mexico,NM,1994,12.13,6.25,1133,0.5472889542579651,26905.0,1653329.0,0.551,0.449,0.365134595,0.053806517,0.4663301312
NM1029,New Mexico,NM,1998,9.96,5.23,755,0.561921238899231,31543.0,1733535.0,0.54,0.46,0.393323432,0.150540668,0.45746525479999994
NM1035,New Mexico,NM,1994,12.13,6.25,702,0.532663106918335,26905.0,1653329.0,0.551,0.449,0.365134595,0.053806517,0.4663301312
NM1037,New Mexico,NM,2019,,,120,0.6341094374656677,,,0.547,0.45299999999999996,,,
NM1038,New Mexico,NM,2019,,,120,0.6341094374656677,,,0.547,0.45299999999999996,,,
NM1042,New Mexico,NM,2003,11.41,4.64,243,0.5514616966247559,35105.0,1877574.0,0.5,0.5,0.388955928,0.257503857,0.378907712
NM1043,New Mexico,NM,1993,11.46,4.83,284,0.6389155387878418,26758.0,1614937.0,0.551,0.449,0.294362332,0.086981429,0.494560503
NM1044,New Mexico,NM,1993,11.46,4.83,284,0.6389155387878418,26758.0,1614937.0,0.551,0.449,0.294362332,0.086981429,0.494560503
NY1002,New York,NY,2013,2.18,1.91,780,0.5955398082733154,49966.0,19626488.0,0.635,0.365,0.226502948,-1.687166182,0.237257904
NY1004,New York,NY,2013,2.18,1.91,780,0.5955398082733154,49966.0,19626488.0,0.635,0.365,0.226502948,-1.687166182,0.237257904
NY1006,New York,NY,2013,2.18,1.91,1320,0.5909050703048706,49966.0,19626488.0,0.635,0.365,0.226502948,-1.687166182,0.237257904
NY1013,New York,NY,2000,2.34,3.14,85,0.6343050599098206,40744.0,19001780.0,0.631,0.369,0.298281893,-1.515278048,0.2135737106666666
NY1017,New York,NY,2000,2.34,3.14,208,0.583469033241272,40744.0,19001780.0,0.631,0.369,0.298281893,-1.515278048,0.2135737106666666
NY1021,New York,NY,2006,2.09,2.96,240,0.5107523798942566,48222.0,19104631.0,0.593,0.40700000000000003,0.260557256,-1.31751049,0.191096881
NY1022,New York,NY,2013,2.18,1.91,890,0.5610388517379761,49966.0,19626488.0,0.635,0.365,0.226502948,-1.687166182,0.237257904
NY1027,New York,NY,2019,,,623,0.5094404220581055,,,0.611,0.389,,,
NY1030,New York,NY,2000,2.34,3.14,208,0.583469033241272,40744.0,19001780.0,0.631,0.369,0.298281893,-1.515278048,0.2135737106666666
NY1034,New York,NY,1996,2.61,4.61,1988,0.5285497903823853,35410.0,18143805.0,0.66,0.34,0.266203563,-1.577945427,0.1940646755
NY1035,New York,NY,1996,2.61,4.61,1988,0.5285497903823853,35410.0,18143805.0,0.66,0.34,0.266203563,-1.577945427,0.1940646755
NY1036,New York,NY,2019,,,1331,0.5385206341743469,,,0.611,0.389,,,
NY1037,New York,NY,2019,,,453,0.5926316380500793,,,0.611,0.389,,,
NY1041,New York,NY,2008,2.12,2.64,567,0.5400887131690979,50461.0,19212436.0,0.636,0.364,0.21292631,-1.400236698,0.155566818
NY1042,New York,NY,2008,2.12,2.64,567,0.5400887131690979,50461.0,19212436.0,0.636,0.364,0.21292631,-1.400236698,0.155566818
NY1043,New York,NY,2000,2.34,3.14,85,0.6343050599098206,40744.0,19001780.0,0.631,0.369,0.298281893,-1.515278048,0.2135737106666666
NY1045,New York,NY,1994,3.18,7.38,1133,0.5472889542579651,31899.0,18156652.0,0.595,0.405,0.291700136,-1.350967267,0.208753819
NY1046,New York,NY,1998,2.66,2.97,755,0.561921238899231,37394.0,18159175.0,0.66,0.34,0.278629056,-1.697915834,0.170813994
NY1054,New York,NY,2019,,,485,0.5889759063720703,,,0.611,0.389,,,
NY1055,New York,NY,2019,,,485,0.5889759063720703,,,0.611,0.389,,,
NY1058,New York,NY,2013,2.18,1.91,172,0.535731315612793,49966.0,19626488.0,0.635,0.365,0.226502948,-1.687166182,0.237257904
NY1059,New York,NY,2013,2.18,1.91,172,0.535731315612793,49966.0,19626488.0,0.635,0.365,0.226502948,-1.687166182,0.237257904
NY1060,New York,NY,2013,2.18,1.91,172,0.535731315612793,49966.0,19626488.0,0.635,0.365,0.226502948,-1.687166182,0.237257904
NY1064,New York,NY,2000,2.34,3.14,378,0.6020672917366028,40744.0,19001780.0,0.631,0.369,0.298281893,-1.515278048,0.2135737106666666
NY1065,New York,NY,2000,2.34,3.14,378,0.6020672917366028,40744.0,19001780.0,0.631,0.369,0.298281893,-1.515278048,0.2135737106666666
NC1001,North Carolina,NC,1995,8.26,6.48,1123,0.528387725353241,31979.0,7185403.0,0.495,0.505,0.246862935,-0.200531214,0.44044991969999997
NC1003,North Carolina,NC,1995,8.26,6.48,1123,0.528387725353241,31979.0,7185403.0,0.495,0.505,0.246862935,-0.200531214,0.44044991969999997
NC1006,North Carolina,NC,1995,8.26,6.48,1406,0.5642876625061035,31979.0,7185403.0,0.495,0.505,0.246862935,-0.200531214,0.44044991969999997
NC1008,North Carolina,NC,2011,7.28,4.0,370,0.5635913610458374,45206.0,9658913.0,0.502,0.498,0.187441798,-0.66059762,0.500434184
NC1010,North Carolina,NC,1993,8.24,8.12,674,0.5110254287719727,28820.0,6947412.0,0.495,0.505,0.252101582,-0.334493561,0.5825339835000001
NC1013,North Carolina,NC,1995,8.26,6.48,172,0.5889621376991272,31979.0,7185403.0,0.495,0.505,0.246862935,-0.200531214,0.44044991969999997
NC1014,North Carolina,NC,1993,8.24,8.12,666,0.5139524936676025,28820.0,6947412.0,0.495,0.505,0.252101582,-0.334493561,0.5825339835000001
NC1024,North Carolina,NC,2013,7.45,4.27,172,0.5889621376991272,46337.0,9846717.0,0.489,0.511,0.181251593,-0.355705433,0.465539339
NC1033,North Carolina,NC,2003,7.26,4.62,1174,0.5616235136985779,37279.0,8422501.0,0.435,0.565,0.236280906,-0.281916107,0.38566607
NC1041,North Carolina,NC,1994,8.92,7.42,1133,0.5472889542579651,30114.0,7060959.0,0.495,0.505,0.249690136,-0.333900905,0.494490693
NC1042,North Carolina,NC,1998,7.09,5.48,755,0.561921238899231,35838.0,7545828.0,0.475,0.525,0.24508934,0.029707018,0.453408962
NC1046,North Carolina,NC,1995,8.26,6.48,1123,0.528387725353241,31979.0,7185403.0,0.495,0.505,0.246862935,-0.200531214,0.44044991969999997
NC1048,North Carolina,NC,2013,7.45,4.27,1282,0.5642687082290649,46337.0,9846717.0,0.489,0.511,0.181251593,-0.355705433,0.465539339
NC1052,North Carolina,NC,1996,8.83,5.72,500,0.603967547416687,35601.0,7307658.0,0.475,0.525,0.2470234,-0.008939511,0.5103484505
ND1024,North Dakota,ND,1997,7.52,0.31,1176,0.5981392860412598,31661.0,640945.0,0.461,0.539,0.759539021,0.982405746,0.499842145
ND1025,North Dakota,ND,1997,7.52,0.31,1140,0.5326204895973206,31661.0,640945.0,0.461,0.539,0.759539021,0.982405746,0.499842145
ND1027,North Dakota,ND,2017,11.99,,219,0.5058038234710693,60167.0,756755.0,0.302,0.698,,,
ND1033,North Dakota,ND,1994,7.52,0.49,1133,0.5472889542579651,28278.0,639762.0,0.42100000000000004,0.579,0.745531158,0.508019841,0.502682215
ND1034,North Dakota,ND,1998,5.89,0.75,755,0.561921238899231,30304.0,637808.0,0.461,0.539,0.744673762,1.016878704,0.472910266
ND1040,North Dakota,ND,1994,7.52,0.49,702,0.532663106918335,28278.0,639762.0,0.42100000000000004,0.579,0.745531158,0.508019841,0.502682215
OH1004,Ohio,OH,2004,5.6,3.03,478,0.6100199818611145,43055.0,11452251.0,0.489,0.511,0.305510797,-0.283222078,0.3520789463333333
OH1006,Ohio,OH,2008,5.74,3.68,326,0.5070730447769165,46934.0,11515391.0,0.522,0.478,0.305488868,-0.155972072,0.377463867
OH1026,Ohio,OH,2004,5.6,3.03,112,0.5662727355957031,43055.0,11452251.0,0.489,0.511,0.305510797,-0.283222078,0.3520789463333333
OH1027,Ohio,OH,2004,5.6,3.03,341,0.6023101806640625,43055.0,11452251.0,0.489,0.511,0.305510797,-0.283222078,0.3520789463333333
OH1028,Ohio,OH,2008,5.74,3.68,406,0.5727695226669312,46934.0,11515391.0,0.522,0.478,0.305488868,-0.155972072,0.377463867
OH1034,Ohio,OH,1994,6.18,3.68,1133,0.5472889542579651,31855.0,11111451.0,0.512,0.488,0.315315821,-0.55552049,0.437949643
OH1035,Ohio,OH,1997,5.44,2.57,90,0.6382769346237183,36134.0,11212498.0,0.536,0.46399999999999997,0.323500608,-0.413458629,0.3579100755
OH1036,Ohio,OH,1998,5.63,2.39,755,0.561921238899231,38925.0,11237752.0,0.536,0.46399999999999997,0.332614087,-0.379834984,0.291653389
OH1037,Ohio,OH,1998,5.63,2.39,755,0.561921238899231,38925.0,11237752.0,0.536,0.46399999999999997,0.332614087,-0.379834984,0.291653389
OH1042,Ohio,OH,1994,6.18,3.68,578,0.5872000455856323,31855.0,11111451.0,0.512,0.488,0.315315821,-0.55552049,0.437949643
OH1044,Ohio,OH,2004,5.6,3.03,641,0.5769014358520508,43055.0,11452251.0,0.489,0.511,0.305510797,-0.283222078,0.3520789463333333
OH1046,Ohio,OH,2007,5.53,3.74,1331,0.5663522481918335,49099.0,11500468.0,0.489,0.511,0.303792093,-0.16133139,0.332383546
OK1004,Oklahoma,OK,1996,9.68,4.83,353,0.5739300847053528,27437.0,3289634.0,0.456,0.544,0.288238162,0.414469193,0.5198535470000001
OK1007,Oklahoma,OK,2006,8.55,4.25,230,0.5112895369529724,38838.0,3594090.0,0.344,0.6559999999999999,0.284178287,0.282898186,0.469117674
OK1009,Oklahoma,OK,1994,9.43,5.62,340,0.5961349010467529,26991.0,3246119.0,0.444,0.556,0.316879693,0.403796347,0.549242654
OK1011,Oklahoma,OK,1994,9.43,5.62,522,0.6311497092247009,26991.0,3246119.0,0.444,0.556,0.316879693,0.403796347,0.549242654
OK1014,Oklahoma,OK,1993,10.5,6.21,439,0.6381237506866455,26260.0,3228829.0,0.444,0.556,0.318082225,0.377385977,0.6286497585
OK1017,Oklahoma,OK,1995,10.09,4.84,189,0.5405129194259644,26311.0,3265547.0,0.444,0.556,0.294954866,0.200270267,0.4844503151
OK1025,Oklahoma,OK,1994,9.43,5.62,522,0.6311497092247009,26991.0,3246119.0,0.444,0.556,0.316879693,0.403796347,0.549242654
OK1027,Oklahoma,OK,1995,10.09,4.84,308,0.6173520684242249,26311.0,3265547.0,0.444,0.556,0.294954866,0.200270267,0.4844503151
OK1031,Oklahoma,OK,2019,,,406,0.5873231291770935,,,0.307,0.693,,,
OK1035,Oklahoma,OK,1994,9.43,5.62,1133,0.5472889542579651,26991.0,3246119.0,0.444,0.556,0.316879693,0.403796347,0.549242654
OK1036,Oklahoma,OK,1998,8.78,3.42,755,0.561921238899231,33727.0,3339478.0,0.456,0.544,0.297837646,0.528457341,0.457731042
OK1040,Oklahoma,OK,1994,9.43,5.62,702,0.532663106918335,26991.0,3246119.0,0.444,0.556,0.316879693,0.403796347,0.549242654
OK1042,Oklahoma,OK,1993,10.5,6.21,186,0.5385023355484009,26260.0,3228829.0,0.444,0.556,0.318082225,0.377385977,0.6286497585
OK1043,Oklahoma,OK,1995,10.09,4.84,392,0.6288672685623169,26311.0,3265547.0,0.444,0.556,0.294954866,0.200270267,0.4844503151
OR1001,Oregon,OR,2015,8.52,2.35,383,0.5838721394538879,60834.0,4018542.0,0.56,0.44,0.556358299,0.535734426,0.476776881
OR1005,Oregon,OR,2001,7.93,1.35,254,0.5086960196495056,41273.0,3467937.0,0.502,0.498,0.61172784,0.89529655,0.391923162
OR1021,Oregon,OR,2015,8.52,2.35,383,0.5838721394538879,60834.0,4018542.0,0.56,0.44,0.556358299,0.535734426,0.476776881
OR1028,Oregon,OR,1994,9.87,3.56,201,0.5657147169113159,31456.0,3087142.0,0.5660000000000001,0.434,0.568600823,0.712118141,0.459421919
OR1029,Oregon,OR,1994,9.87,3.56,242,0.5881193280220032,31456.0,3087142.0,0.5660000000000001,0.434,0.568600823,0.712118141,0.459421919
OR1030,Oregon,OR,2016,9.32,1.92,477,0.6067649126052856,59135.0,4093271.0,0.557,0.44299999999999995,0.543547621,0.538412741,0.457074772
OR1031,Oregon,OR,2018,9.41,1.64,455,0.6110585331916809,69165.0,4183537.0,0.557,0.44299999999999995,,,
OR1032,Oregon,OR,2018,9.41,1.64,455,0.6110585331916809,69165.0,4183537.0,0.557,0.44299999999999995,,,
OR1033,Oregon,OR,2019,,,166,0.5446147322654724,,,0.557,0.44299999999999995,,,
OR1037,Oregon,OR,2014,9.79,1.33,581,0.5913698077201843,58875.0,3965447.0,0.56,0.44,0.547914123,0.60142783,0.42385219220000003
OR1040,Oregon,OR,1994,9.87,3.56,1133,0.5472889542579651,31456.0,3087142.0,0.5660000000000001,0.434,0.568600823,0.712118141,0.459421919
OR1041,Oregon,OR,1998,9.61,2.55,755,0.561921238899231,39067.0,3282055.0,0.547,0.45299999999999996,0.627857272,1.06946587,0.428845818
OR1046,Oregon,OR,2020,,,420,0.6349615454673767,,,0.557,0.44299999999999995,,,
OR1052,Oregon,OR,1996,9.9,2.3,631,0.6092574596405029,35492.0,3195087.0,0.547,0.45299999999999996,0.623578285,1.028911044,0.5000858195
PA1003,Pennsylvania,PA,1998,6.08,3.72,536,0.5788090229034424,39015.0,12002329.0,0.552,0.44799999999999995,0.434364884,0.03115171,0.343979383
PA1005,Pennsylvania,PA,1998,6.08,3.72,536,0.5788090229034424,39015.0,12002329.0,0.552,0.44799999999999995,0.434364884,0.03115171,0.343979383
PA1009,Pennsylvania,PA,2011,6.45,4.21,485,0.5950779318809509,49910.0,12747052.0,0.552,0.44799999999999995,0.435810945,0.002677506,0.357389157
PA1010,Pennsylvania,PA,1995,6.66,4.35,111,0.6047218441963196,34524.0,12044780.0,0.555,0.445,0.43524631,0.083378086,0.4993360751000001
PA1012,Pennsylvania,PA,1995,6.66,4.35,219,0.5881828665733337,34524.0,12044780.0,0.555,0.445,0.43524631,0.083378086,0.4993360751000001
PA1013,Pennsylvania,PA,1995,6.66,4.35,582,0.5941675901412964,34524.0,12044780.0,0.555,0.445,0.43524631,0.083378086,0.4993360751000001
PA1015,Pennsylvania,PA,1995,6.66,4.35,532,0.6095812320709229,34524.0,12044780.0,0.555,0.445,0.43524631,0.083378086,0.4993360751000001
PA1021,Pennsylvania,PA,1995,6.66,4.35,566,0.6164877414703369,34524.0,12044780.0,0.555,0.445,0.43524631,0.083378086,0.4993360751000001
PA1025,Pennsylvania,PA,1998,6.08,3.72,904,0.5699384808540344,39015.0,12002329.0,0.552,0.44799999999999995,0.434364884,0.03115171,0.343979383
PA1030,Pennsylvania,PA,1995,6.66,4.35,532,0.6095812320709229,34524.0,12044780.0,0.555,0.445,0.43524631,0.083378086,0.4993360751000001
PA1034,Pennsylvania,PA,1995,6.66,4.35,664,0.5592799782752991,34524.0,12044780.0,0.555,0.445,0.43524631,0.083378086,0.4993360751000001
PA1035,Pennsylvania,PA,1995,6.66,4.35,664,0.5592799782752991,34524.0,12044780.0,0.555,0.445,0.43524631,0.083378086,0.4993360751000001
PA1036,Pennsylvania,PA,2006,5.58,4.96,934,0.5195395350456238,48477.0,12510809.0,0.513,0.48700000000000004,0.454240265,0.256622059,0.325146509
PA1037,Pennsylvania,PA,2006,5.58,4.96,1165,0.5740298628807068,48477.0,12510809.0,0.513,0.48700000000000004,0.454240265,0.256622059,0.325146509
PA1045,Pennsylvania,PA,1994,6.04,4.11,1133,0.5472889542579651,32066.0,12042545.0,0.555,0.445,0.433189369,0.146215758,0.368269439
PA1046,Pennsylvania,PA,1998,6.08,3.72,755,0.561921238899231,39015.0,12002329.0,0.552,0.44799999999999995,0.434364884,0.03115171,0.343979383
RI1011,Rhode Island,RI,1995,3.32,2.19,1616,0.5871714949607849,35359.0,989203.0,0.618,0.382,0.175007382,-1.400156926,0.18435733659999998
RI1015,Rhode Island,RI,1999,3.29,2.02,874,0.5437915325164795,42719.0,990819.0,0.69,0.31,0.175391413,-1.198207149,0.127507526
RI1032,Rhode Island,RI,1999,3.29,2.02,874,0.5437915325164795,42719.0,990819.0,0.69,0.31,0.175391413,-1.198207149,0.127507526
RI1036,Rhode Island,RI,2005,1.68,1.84,799,0.5976349115371704,49484.0,1067916.0,0.606,0.39399999999999996,0.170363782,-1.577338595,0.13333652326666662
RI1037,Rhode Island,RI,2018,2.05,1.16,758,0.5868018865585327,62266.0,1059338.0,0.5820000000000001,0.418,,,
RI1038,Rhode Island,RI,2018,2.05,1.16,758,0.5868018865585327,62266.0,1059338.0,0.5820000000000001,0.418,,,
RI1045,Rhode Island,RI,1994,2.52,2.46,1133,0.5472889542579651,31928.0,993412.0,0.618,0.382,0.172559518,-1.065434519,0.4729593608
RI1046,Rhode Island,RI,1998,2.42,0.98,755,0.561921238899231,40686.0,987704.0,0.69,0.31,0.173810598,-1.614225294,0.1951223652
RI1057,Rhode Island,RI,1997,2.36,1.37,226,0.5058518648147583,34797.0,986966.0,0.69,0.31,0.170341146,-1.800414459,0.159051972
RI1058,Rhode Island,RI,1997,2.36,1.37,226,0.5058518648147583,34797.0,986966.0,0.69,0.31,0.170341146,-1.800414459,0.159051972
SC1005,South Carolina,SC,1996,9.25,6.45,282,0.5522944331169128,34665.0,3738974.0,0.46799999999999997,0.532,0.238276864,-0.716574264,0.4744998135
SC1007,South Carolina,SC,2006,7.01,6.25,294,0.6214379072189331,39617.0,4357847.0,0.414,0.586,0.304822497,-0.782366655,0.378914279
SC1017,South Carolina,SC,2013,9.23,5.31,123,0.5624828934669495,43563.0,4766469.0,0.446,0.5539999999999999,0.266928942,-0.434369648,0.540648903
SC1023,South Carolina,SC,1994,8.96,7.23,1133,0.5472889542579651,29846.0,3666456.0,0.45399999999999996,0.546,0.244816766,-0.928080415,0.532134061
SC1024,South Carolina,SC,1998,8.35,5.8,755,0.561921238899231,33267.0,3839578.0,0.46799999999999997,0.532,0.232411534,-0.606894684,0.373584263
SC1029,South Carolina,SC,1998,8.35,5.8,201,0.5136773586273193,33267.0,3839578.0,0.46799999999999997,0.532,0.232411534,-0.606894684,0.373584263
SC1032,South Carolina,SC,1998,8.35,5.8,125,0.5628648400306702,33267.0,3839578.0,0.46799999999999997,0.532,0.232411534,-0.606894684,0.373584263
SC1035,South Carolina,SC,2009,7.82,5.24,688,0.5567921996116638,41101.0,4589872.0,0.455,0.545,0.325014336,-0.698005623,0.435420465
SD1006,South Dakota,SD,2006,8.96,0.34,89,0.5984352231025696,45427.0,783033.0,0.391,0.609,0.57017202,1.08710941,0.4337222646000001
SD1009,South Dakota,SD,1994,9.11,0.55,90,0.5450406074523926,29733.0,723038.0,0.47700000000000004,0.523,0.76690126,0.388564037,0.570945451
SD1027,South Dakota,SD,2019,,,156,0.5042051076889038,,,0.34,0.66,,,
SD1031,South Dakota,SD,1994,9.11,0.55,1133,0.5472889542579651,29733.0,723038.0,0.47700000000000004,0.523,0.76690126,0.388564037,0.570945451
SD1032,South Dakota,SD,1998,9.54,0.37,755,0.561921238899231,32786.0,730789.0,0.48100000000000004,0.519,0.657854361,0.537264386,0.455028406
TN1002,Tennessee,TN,1998,9.15,6.1,692,0.5931915640830994,34091.0,5432679.0,0.513,0.48700000000000004,0.39180724,0.25883004,0.439412985
TN1005,Tennessee,TN,2009,8.81,5.56,138,0.6044051647186279,40517.0,6306019.0,0.424,0.5760000000000001,0.352820549,-0.012525414,0.427551612
TN1006,Tennessee,TN,1998,9.15,6.1,1210,0.551811158657074,34091.0,5432679.0,0.513,0.48700000000000004,0.39180724,0.25883004,0.439412985
TN1010,Tennessee,TN,1996,9.08,6.54,316,0.5619436502456665,30790.0,5313576.0,0.513,0.48700000000000004,0.400907561,-0.133410448,0.4822246529999999
TN1013,Tennessee,TN,2007,8.55,5.61,585,0.5751977562904358,41195.0,6175727.0,0.428,0.5720000000000001,0.412750456,-0.083970432,0.471954748
TN1015,Tennessee,TN,1994,9.62,7.03,478,0.5292657613754272,28639.0,5163016.0,0.526,0.474,0.409364405,-0.477373917,0.506513221
TN1021,Tennessee,TN,1997,9.07,7.4,88,0.6041736602783203,30636.0,5378433.0,0.513,0.48700000000000004,0.398918604,-0.091382959,0.5262604385
TN1034,Tennessee,TN,2009,8.81,5.56,789,0.505156397819519,40517.0,6306019.0,0.424,0.5760000000000001,0.352820549,-0.012525414,0.427551612
TN1039,Tennessee,TN,1994,9.62,7.03,1133,0.5472889542579651,28639.0,5163016.0,0.526,0.474,0.409364405,-0.477373917,0.506513221
TN1040,Tennessee,TN,1998,9.15,6.1,755,0.561921238899231,34091.0,5432679.0,0.513,0.48700000000000004,0.39180724,0.25883004,0.439412985
TN1045,Tennessee,TN,1995,9.24,7.33,497,0.5997241735458374,29015.0,5241168.0,0.526,0.474,0.409479822,-0.248781873,0.46409602149999996
TN1048,Tennessee,TN,1991,9.99,7.69,934,0.608351469039917,24453.0,4946886.0,0.418,0.5820000000000001,0.440910812,-0.5948845,0.55784451
TX1004,Texas,TX,1996,8.0,5.15,357,0.5599336624145508,33072.0,19006240.0,0.473,0.527,0.273383709,-0.434588209,0.4858392565
TX1006,Texas,TX,2007,6.16,4.22,184,0.5926412343978882,46053.0,23831983.0,0.385,0.615,0.239764975,-0.540671333,0.435748781
TX1008,Texas,TX,1995,8.25,6.18,194,0.5328029990196228,32039.0,18679706.0,0.478,0.522,0.279102177,-0.535953205,0.4309953119
TX1013,Texas,TX,1997,7.32,4.58,142,0.5897141695022583,35075.0,19355427.0,0.473,0.527,0.246396327,-0.489959733,0.534736919
TX1025,Texas,TX,2001,6.85,3.91,293,0.5517950057983398,40860.0,21319622.0,0.39,0.61,0.237846556,-0.541996946,0.365700842
TX1026,Texas,TX,2008,6.44,4.04,761,0.5138218998908997,46490.0,24309039.0,0.441,0.5589999999999999,0.243038896,-0.549760959,0.319171867
TX1033,Texas,TX,1994,9.37,8.0,1133,0.5472889542579651,30755.0,18338319.0,0.478,0.522,0.279223236,-0.32833709,0.456218062
TX1034,Texas,TX,1998,7.2,4.48,755,0.561921238899231,35783.0,19712389.0,0.473,0.527,0.24325623,-0.425724691,0.43736693
TX1040,Texas,TX,1994,9.37,8.0,702,0.532663106918335,30755.0,18338319.0,0.478,0.522,0.279223236,-0.32833709,0.456218062
TX1043,Texas,TX,2016,7.28,4.39,170,0.5138567686080933,58146.0,27914064.0,0.452,0.5479999999999999,0.234763821,-0.579943251,0.3815398949999999
TX1046,Texas,TX,2011,6.75,3.12,27,0.551556408405304,49047.0,25645504.0,0.441,0.5589999999999999,0.233736703,-0.482400983,0.400755753
TX1047,Texas,TX,2006,5.85,4.28,598,0.5015085339546204,43307.0,23359580.0,0.385,0.615,0.22905937,-0.546272203,0.338125441
UT1002,Utah,UT,1994,9.64,2.04,403,0.5018294453620911,35716.0,1930436.0,0.36200000000000004,0.638,0.43917376,-0.476586618,0.48081139679999996
UT1004,Utah,UT,1998,10.13,1.34,370,0.5671209096908569,44299.0,2100562.0,0.38,0.62,0.438271184,-0.027364371,0.3951301848
UT1006,Utah,UT,1995,8.47,2.4,837,0.5995041728019714,36480.0,1976774.0,0.36200000000000004,0.638,0.442743579,-0.125459971,0.4984585442999999
UT1008,Utah,UT,1994,9.64,2.04,129,0.6109194159507751,35716.0,1930436.0,0.36200000000000004,0.638,0.43917376,-0.476586618,0.48081139679999996
UT1010,Utah,UT,1993,8.7,1.38,308,0.5107341408729553,35786.0,1875993.0,0.36200000000000004,0.638,0.488311347,-0.415396328,0.53781678
UT1014,Utah,UT,1993,8.7,1.38,508,0.5575754642486572,35786.0,1875993.0,0.36200000000000004,0.638,0.488311347,-0.415396328,0.53781678
UT1021,Utah,UT,1994,9.64,2.04,357,0.6070519089698792,35716.0,1930436.0,0.36200000000000004,0.638,0.43917376,-0.476586618,0.48081139679999996
UT1025,Utah,UT,1998,10.13,1.34,732,0.5140625834465027,44299.0,2100562.0,0.38,0.62,0.438271184,-0.027364371,0.3951301848
UT1034,Utah,UT,1993,8.7,1.38,508,0.5575754642486572,35786.0,1875993.0,0.36200000000000004,0.638,0.488311347,-0.415396328,0.53781678
UT1036,Utah,UT,1995,8.47,2.4,260,0.5393914580345154,36480.0,1976774.0,0.36200000000000004,0.638,0.442743579,-0.125459971,0.4984585442999999
UT1037,Utah,UT,1999,7.78,1.39,255,0.5009664297103882,46050.0,2129836.0,0.38,0.62,0.412715452,-0.196301991,0.476546359
UT1038,Utah,UT,1999,7.78,1.39,255,0.5009664297103882,46050.0,2129836.0,0.38,0.62,0.412715452,-0.196301991,0.476546359
UT1039,Utah,UT,2000,9.06,0.71,136,0.611907958984375,47550.0,2244502.0,0.28300000000000003,0.7170000000000001,0.382728464,0.130184619,0.551705627
UT1041,Utah,UT,2018,11.3,1.08,839,0.5893271565437317,77067.0,3155153.0,0.374,0.626,,,
UT1042,Utah,UT,2018,11.3,1.08,368,0.6513685584068298,77067.0,3155153.0,0.374,0.626,,,
UT1049,Utah,UT,1994,9.64,2.04,1133,0.5472889542579651,35716.0,1930436.0,0.36200000000000004,0.638,0.43917376,-0.476586618,0.48081139679999996
UT1050,Utah,UT,1998,10.13,1.34,755,0.561921238899231,44299.0,2100562.0,0.38,0.62,0.438271184,-0.027364371,0.3951301848
UT1055,Utah,UT,1995,8.47,2.4,193,0.5959221124649048,36480.0,1976774.0,0.36200000000000004,0.638,0.442743579,-0.125459971,0.4984585442999999
UT1057,Utah,UT,1992,9.39,1.55,254,0.5223540663719177,34251.0,1821498.0,0.36200000000000004,0.638,0.467322029,-0.573924563,0.5112328841
UT1058,Utah,UT,1992,9.39,1.55,295,0.5600595474243164,34251.0,1821498.0,0.36200000000000004,0.638,0.467322029,-0.573924563,0.5112328841
UT1059,Utah,UT,1992,9.39,1.55,295,0.5600595474243164,34251.0,1821498.0,0.36200000000000004,0.638,0.467322029,-0.573924563,0.5112328841
UT1061,Utah,UT,1999,7.78,1.39,851,0.5518976449966431,46050.0,2129836.0,0.38,0.62,0.412715452,-0.196301991,0.476546359
VT1018,Vermont,VT,2001,6.76,1.12,414,0.6114870309829712,40794.0,612223.0,0.5539999999999999,0.446,0.542100831,1.105445786,0.41813101
VT1019,Vermont,VT,2018,10.45,1.74,1234,0.5421575903892517,70066.0,624802.0,0.652,0.348,,,
VT1020,Vermont,VT,2018,10.45,1.74,290,0.5351765155792236,70066.0,624802.0,0.652,0.348,,,
VT1022,Vermont,VT,2018,10.45,1.74,748,0.572404146194458,70066.0,624802.0,0.652,0.348,,,
VT1027,Vermont,VT,2018,10.45,1.74,101,0.5919729471206665,70066.0,624802.0,0.652,0.348,,,
VT1028,Vermont,VT,2018,10.45,1.74,101,0.5919729471206665,70066.0,624802.0,0.652,0.348,,,
VT1029,Vermont,VT,2018,10.45,1.74,748,0.572404146194458,70066.0,624802.0,0.652,0.348,,,
VT1033,Vermont,VT,1994,6.59,0.32,1133,0.5472889542579651,35802.0,578900.0,0.603,0.397,0.471243686,0.942730159,0.478332024
VT1034,Vermont,VT,1998,9.37,0.64,755,0.561921238899231,39372.0,590579.0,0.632,0.368,0.523712565,0.549162964,0.413373254
VT1040,Vermont,VT,1994,6.59,0.32,702,0.532663106918335,35802.0,578900.0,0.603,0.397,0.471243686,0.942730159,0.478332024
VT1043,Vermont,VT,2018,10.45,1.74,457,0.6320751309394836,70066.0,624802.0,0.652,0.348,,,
VA1006,Virginia,VA,1995,8.32,5.15,1226,0.5797748565673828,36222.0,6601392.0,0.474,0.526,0.361807275,-0.200952576,0.4783423040999999
VA1008,Virginia,VA,1992,8.98,5.84,175,0.5049275755882263,38198.0,6383315.0,0.474,0.526,0.370747162,0.080587105,0.48033090840000003
VA1013,Virginia,VA,1993,8.25,5.8,1194,0.5564550757408142,36433.0,6464795.0,0.474,0.526,0.360868417,-0.113223649,0.4165886155
VA1016,Virginia,VA,1993,8.25,5.8,183,0.540111780166626,36433.0,6464795.0,0.474,0.526,0.360868417,-0.113223649,0.4165886155
VA1019,Virginia,VA,1991,8.84,5.54,585,0.5243035554885864,36137.0,6283853.0,0.396,0.604,0.358518238,0.194302426,0.5277654325
VA1029,Virginia,VA,1997,7.39,5.2,257,0.5896913409233093,42957.0,6732878.0,0.489,0.511,0.348931698,-0.15051267,0.473135099
VA1030,Virginia,VA,2008,6.51,3.17,695,0.5900248885154724,61985.0,7833496.0,0.532,0.46799999999999997,0.308146736,-0.109749192,0.328034515
VA1031,Virginia,VA,2016,7.44,4.28,590,0.5656616687774658,66451.0,8417651.0,0.525,0.475,0.308196003,-0.168454987,0.354892073
VA1036,Virginia,VA,1991,8.84,5.54,585,0.5243035554885864,36137.0,6283853.0,0.396,0.604,0.358518238,0.194302426,0.5277654325
VA1041,Virginia,VA,1994,8.42,5.96,1133,0.5472889542579651,37647.0,6536771.0,0.474,0.526,0.360729349,-0.122792518,0.429027151
VA1042,Virginia,VA,1998,7.74,4.13,755,0.561921238899231,43354.0,6789225.0,0.489,0.511,0.34110952,-0.39866814,0.375425377
VA1050,Virginia,VA,2011,7.12,2.85,216,0.5192890763282776,62616.0,8102437.0,0.532,0.46799999999999997,0.306517437,-0.24995008,0.452244595
VA1051,Virginia,VA,2006,6.31,3.62,308,0.6067818999290466,57119.0,7673725.0,0.45899999999999996,0.541,0.316065051,-0.104444548,0.312568991
WA1001,Washington,WA,2014,7.46,1.74,358,0.6258084177970886,59068.0,7057531.0,0.573,0.42700000000000005,0.305250428,0.169877992,0.279556509
WA1008,Washington,WA,1994,8.33,3.65,253,0.5210075378417969,33533.0,5334896.0,0.5760000000000001,0.424,0.350524177,0.853345173,0.383537681
WA1011,Washington,WA,1994,8.33,3.65,157,0.5337690114974976,33533.0,5334896.0,0.5760000000000001,0.424,0.350524177,0.853345173,0.383537681
WA1018,Washington,WA,2014,7.46,1.74,525,0.5773178935050964,59068.0,7057531.0,0.573,0.42700000000000005,0.305250428,0.169877992,0.279556509
WA1025,Washington,WA,1994,8.33,3.65,1530,0.5551986694335938,33533.0,5334896.0,0.5760000000000001,0.424,0.350524177,0.853345173,0.383537681
WA1026,Washington,WA,1994,8.33,3.65,222,0.5577985644340515,33533.0,5334896.0,0.5760000000000001,0.424,0.350524177,0.853345173,0.383537681
WA1027,Washington,WA,2005,6.16,2.19,248,0.5729354619979858,50646.0,6257305.0,0.536,0.46399999999999997,0.37320676,0.226154048,0.3738864134
WA1028,Washington,WA,2014,7.46,1.74,2092,0.5327553749084473,59068.0,7057531.0,0.573,0.42700000000000005,0.305250428,0.169877992,0.279556509
WA1029,Washington,WA,2017,8.15,2.26,178,0.5062780380249023,71540.0,7427951.0,0.593,0.40700000000000003,,,
WA1030,Washington,WA,2017,8.15,2.26,337,0.591819167137146,71540.0,7427951.0,0.593,0.40700000000000003,,,
WA1034,Washington,WA,1994,8.33,3.65,174,0.5263599753379822,33533.0,5334896.0,0.5760000000000001,0.424,0.350524177,0.853345173,0.383537681
WA1035,Washington,WA,1994,8.33,3.65,157,0.5337690114974976,33533.0,5334896.0,0.5760000000000001,0.424,0.350524177,0.853345173,0.383537681
WA1036,Washington,WA,2019,,,190,0.5145456790924072,,,0.593,0.40700000000000003,,,
WA1038,Washington,WA,2014,7.46,1.74,693,0.5530795454978943,59068.0,7057531.0,0.573,0.42700000000000005,0.305250428,0.169877992,0.279556509
WA1042,Washington,WA,2019,,,793,0.5637028813362122,,,0.593,0.40700000000000003,,,
WA1043,Washington,WA,1994,8.33,3.65,1133,0.5472889542579651,33533.0,5334896.0,0.5760000000000001,0.424,0.350524177,0.853345173,0.383537681
WA1044,Washington,WA,1998,6.73,2.4,755,0.561921238899231,47421.0,5687832.0,0.5720000000000001,0.428,0.317956188,0.335244622,0.430752071
WA1050,Washington,WA,2014,7.46,1.74,358,0.6258084177970886,59068.0,7057531.0,0.573,0.42700000000000005,0.305250428,0.169877992,0.279556509
WA1051,Washington,WA,2019,,,234,0.5718234181404114,,,0.593,0.40700000000000003,,,
WA1053,Washington,WA,2014,7.46,1.74,358,0.6258084177970886,59068.0,7057531.0,0.573,0.42700000000000005,0.305250428,0.169877992,0.279556509
WA1054,Washington,WA,2019,,,572,0.5191075801849365,,,0.593,0.40700000000000003,,,
WA1055,Washington,WA,2019,,,370,0.5819944143295288,,,0.593,0.40700000000000003,,,
WV1005,West Virginia,WV,2016,12.12,4.62,887,0.5552213191986084,44354.0,1832435.0,0.278,0.722,0.560737982,1.074304395,0.607032822
WV1007,West Virginia,WV,2008,8.82,2.15,475,0.5889315605163574,37994.0,1840310.0,0.433,0.5670000000000001,0.566249389,0.882334404,0.524035145
WV1011,West Virginia,WV,1994,9.73,4.7,364,0.6154030561447144,23564.0,1818490.0,0.578,0.42200000000000004,0.595320974,-0.020362421,0.46633013120000005
WV1025,West Virginia,WV,2000,9.2,3.11,1257,0.5812588930130005,29411.0,1807021.0,0.46799999999999997,0.532,0.359140005,0.722079018,0.5636489689999999
WV1026,West Virginia,WV,2001,10.09,2.09,597,0.5063972473144531,29673.0,1801481.0,0.46799999999999997,0.532,0.588163181,0.90937617,0.53240092
WV1027,West Virginia,WV,2012,10.03,3.97,720,0.5741342902183533,43553.0,1857446.0,0.363,0.637,0.574174732,0.870958933,0.5678423946666666
WV1030,West Virginia,WV,1994,9.73,4.7,364,0.6154030561447144,23564.0,1818490.0,0.578,0.42200000000000004,0.595320974,-0.020362421,0.46633013120000005
WV1035,West Virginia,WV,1994,9.73,4.7,1133,0.5472889542579651,23564.0,1818490.0,0.578,0.42200000000000004,0.595320974,-0.020362421,0.46633013120000005
WV1036,West Virginia,WV,1998,8.47,3.27,755,0.561921238899231,26704.0,1811688.0,0.584,0.41600000000000004,0.358855323,0.543126231,0.41215636480000006
WV1043,West Virginia,WV,1994,9.73,4.7,702,0.532663106918335,23564.0,1818490.0,0.578,0.42200000000000004,0.595320974,-0.020362421,0.46633013120000005
WV1046,West Virginia,WV,2001,10.09,2.09,496,0.6016529202461243,29673.0,1801481.0,0.46799999999999997,0.532,0.588163181,0.90937617,0.53240092
WI1003,Wisconsin,WI,1991,6.74,2.75,459,0.5226457118988037,31133.0,4952675.0,0.518,0.48200000000000004,0.585571876,-0.605713736,0.4763046045
WI1007,Wisconsin,WI,2011,5.97,1.6,355,0.5539259314537048,52058.0,5705840.0,0.57,0.43,0.70305196,-0.030160796,0.429247479
WI1009,Wisconsin,WI,2011,5.97,1.6,508,0.6053171157836914,52058.0,5705840.0,0.57,0.43,0.70305196,-0.030160796,0.429247479
WI1011,Wisconsin,WI,1992,6.11,2.91,539,0.5540041327476501,33308.0,5004636.0,0.528,0.47200000000000003,0.596897768,-0.551049142,0.4839232640000001
WI1012,Wisconsin,WI,1991,6.74,2.75,1246,0.5871684551239014,31133.0,4952675.0,0.518,0.48200000000000004,0.585571876,-0.605713736,0.4763046045
WI1014,Wisconsin,WI,1998,5.87,2.13,79,0.5651857852935791,41327.0,5222124.0,0.5589999999999999,0.441,0.587712446,-0.399320898,0.612812469
WI1029,Wisconsin,WI,1994,6.68,2.76,256,0.5136218667030334,35388.0,5095504.0,0.528,0.47200000000000003,0.573440835,-0.567791539,0.465168561
WI1030,Wisconsin,WI,1996,6.44,2.63,547,0.6186562180519104,40001.0,5173828.0,0.5589999999999999,0.441,0.617169878,-0.484849352,0.462877721
WI1031,Wisconsin,WI,2002,5.55,2.25,354,0.553078293800354,45903.0,5445162.0,0.501,0.499,0.673847748,-0.131379907,0.3989991785
WI1032,Wisconsin,WI,2010,6.35,1.89,517,0.5825784206390381,50351.0,5690538.0,0.57,0.43,0.694148943,-0.034283182,0.4371998215
WI1033,Wisconsin,WI,2010,6.35,1.89,351,0.5855203866958618,50351.0,5690538.0,0.57,0.43,0.694148943,-0.034283182,0.4371998215
WI1040,Wisconsin,WI,1994,6.68,2.76,1133,0.5472889542579651,35388.0,5095504.0,0.528,0.47200000000000003,0.573440835,-0.567791539,0.465168561
WI1041,Wisconsin,WI,1998,5.87,2.13,755,0.561921238899231,41327.0,5222124.0,0.5589999999999999,0.441,0.587712446,-0.399320898,0.612812469
WI1050,Wisconsin,WI,2011,5.97,1.6,172,0.5098304152488708,52058.0,5705840.0,0.57,0.43,0.70305196,-0.030160796,0.429247479
WI1052,Wisconsin,WI,1995,6.61,2.76,362,0.6328127384185791,40955.0,5137004.0,0.528,0.47200000000000003,0.584022639,-0.621525324,0.4519350192
WY1004,Wyoming,WY,1994,16.1,3.23,1124,0.5431228876113892,33140.0,474982.0,0.462,0.5379999999999999,0.604462081,2.504589328,0.6114978825999999
WY1005,Wyoming,WY,2011,14.58,2.16,635,0.5125950574874878,54509.0,567491.0,0.33399999999999996,0.6659999999999999,0.542044605,2.885945339,0.50607756
WY1006,Wyoming,WY,2008,15.81,,451,0.6139662265777588,53337.0,546043.0,0.33399999999999996,0.6659999999999999,0.560387256,3.031595719,0.582073329
WY1018,Wyoming,WY,2009,14.92,1.87,138,0.6044051647186279,52470.0,559851.0,0.33399999999999996,0.6659999999999999,0.553433499,3.058250804,0.587478966
WY1022,Wyoming,WY,2010,13.76,,115,0.6129423975944519,52201.0,564531.0,0.33399999999999996,0.6659999999999999,0.560767597,2.996838188,0.5404380695
WY1023,Wyoming,WY,2010,13.76,,115,0.6129423975944519,52201.0,564531.0,0.33399999999999996,0.6659999999999999,0.560767597,2.996838188,0.5404380695
WY1025,Wyoming,WY,2018,18.05,2.46,177,0.574600338935852,62539.0,579054.0,0.243,0.757,,,
WY1030,Wyoming,WY,2010,13.76,,88,0.6058256030082703,52201.0,564531.0,0.33399999999999996,0.6659999999999999,0.560767597,2.996838188,0.5404380695
WY1031,Wyoming,WY,2010,13.76,,92,0.5846874713897705,52201.0,564531.0,0.33399999999999996,0.6659999999999999,0.560767597,2.996838188,0.5404380695
WY1036,Wyoming,WY,1994,16.1,3.23,1133,0.5472889542579651,33140.0,474982.0,0.462,0.5379999999999999,0.604462081,2.504589328,0.6114978825999999
WY1037,Wyoming,WY,1998,11.78,1.4,755,0.561921238899231,35250.0,480045.0,0.425,0.575,0.598688437,2.625872868,0.5353975492
WY1042,Wyoming,WY,1994,16.1,3.23,702,0.532663106918335,33140.0,474982.0,0.462,0.5379999999999999,0.604462081,2.504589328,0.6114978825999999
WY1046,Wyoming,WY,1994,16.1,3.23,272,0.6003540754318237,33140.0,474982.0,0.462,0.5379999999999999,0.604462081,2.504589328,0.6114978825999999
WY1048,Wyoming,WY,1995,12.64,0.98,511,0.6132883429527283,31529.0,478447.0,0.462,0.5379999999999999,0.58741813,2.58139424,0.5466783875000001
