Year,ST,Permissive,Restrictive,background checks,carrying a concealed weapon (ccw),castle doctrine,child access laws,dealer license,firearm sales restrictions,minimum age,open carry,permit to purchase,prohibited possessor,registration,safety training required,waiting period,Implement,Modify,Repeal,universl,permit,sentiment_score,HuntLic,GunsAmmo,BackChk,avg_own_est,Suicides,Homicides
1992.0,AK,0.0,2.0,0.0,0.0,0.0,0.0,0.0,0.0,2.0,0.0,0.0,0.0,0.0,0.0,0.0,2.0,0.0,0.0,0.0,0.0,0.9934521913528442,0.528465379,3.669083615,0.8501644554000001,0.5155620455000001,10.94,3.56
1994.0,AK,1.0,2.0,1.0,1.0,0.0,0.0,0.0,0.0,0.0,0.0,0.0,0.0,0.0,0.0,1.0,2.0,1.0,0.0,0.0,0.0,0.9878954092661539,0.528531807,3.934617582,1.2242677274,0.523671224,15.57,3.33
1996.0,AK,0.0,1.0,0.0,0.0,0.0,0.0,0.0,0.0,0.0,0.0,0.0,1.0,0.0,0.0,0.0,1.0,0.0,0.0,0.0,0.0,0.9926924705505371,0.563529871,3.428167822,1.3324621650000001,0.564655738,15.02,4.46
1998.0,AK,1.0,1.0,1.0,0.0,0.0,0.0,0.0,0.0,0.0,0.0,0.0,0.0,0.0,0.0,1.0,1.0,0.0,1.0,0.0,0.0,0.9764666557312012,0.552303921,3.266201217,1.1412923014,0.41911213,14.65,4.34
2003.0,AK,1.0,0.0,0.0,1.0,0.0,0.0,0.0,0.0,0.0,0.0,0.0,0.0,0.0,0.0,0.0,0.0,1.0,0.0,0.0,0.0,0.93960040807724,0.534675174,3.192350151,1.357338546,0.45719074546666666,13.2,4.62
2006.0,AK,1.0,0.0,0.0,0.0,1.0,0.0,0.0,0.0,0.0,0.0,0.0,0.0,0.0,0.0,0.0,0.0,1.0,0.0,0.0,0.0,0.975943922996521,0.523205688,2.481006825,1.690126522,0.4904466632666667,12.06,4.04
2013.0,AK,1.0,0.0,0.0,0.0,1.0,0.0,0.0,0.0,0.0,0.0,0.0,0.0,0.0,0.0,0.0,0.0,1.0,0.0,0.0,0.0,0.9733625650405884,0.574725998,1.807937576,2.101246352,0.609210936,16.65,2.27
1994.0,AL,0.0,1.0,1.0,0.0,0.0,0.0,0.0,0.0,0.0,0.0,0.0,0.0,0.0,0.0,0.0,1.0,0.0,0.0,0.0,0.0,0.9986502528190613,0.244708732,-0.611365934,0.26993961720000004,0.545011063,9.39,9.83
1998.0,AL,0.0,1.0,1.0,0.0,0.0,0.0,0.0,0.0,0.0,0.0,0.0,0.0,0.0,0.0,0.0,1.0,0.0,0.0,0.0,0.0,0.9770532846450806,0.24371378,0.004365336,0.374211054,0.546264369,9.84,7.29
2000.0,AL,1.0,0.0,0.0,0.0,0.0,0.0,0.0,0.0,0.0,0.0,0.0,0.0,0.0,0.0,1.0,0.0,0.0,1.0,0.0,0.0,0.9758800268173218,0.243388897,-0.15688276,0.849505839,0.5391565066666667,9.55,6.58
2006.0,AL,1.0,0.0,0.0,0.0,1.0,0.0,0.0,0.0,0.0,0.0,0.0,0.0,0.0,0.0,0.0,0.0,1.0,0.0,0.0,0.0,0.5464410185813904,0.235137633,-0.205559421,0.840486489,0.418361625,8.42,7.27
2015.0,AL,1.0,4.0,0.0,0.0,0.0,0.0,0.0,0.0,1.0,0.0,0.0,3.0,1.0,0.0,0.0,4.0,0.0,1.0,0.0,0.0,0.9925297498703003,0.340830801,-0.290597341,1.566968962,0.544806024,10.34,8.43
1994.0,AR,0.0,2.0,1.0,0.0,0.0,0.0,0.0,0.0,0.0,0.0,0.0,0.0,0.0,0.0,1.0,2.0,0.0,0.0,0.0,0.0,0.9986502528190613,0.424175822,-0.123750118,0.5636920524,0.572602297,10.46,8.17
1995.0,AR,1.0,0.0,0.0,1.0,0.0,0.0,0.0,0.0,0.0,0.0,0.0,0.0,0.0,0.0,0.0,0.0,1.0,0.0,0.0,0.0,0.9329614639282227,0.424544541,-0.119207994,0.4224627114,0.49708261049999997,10.41,8.35
1997.0,AR,2.0,0.0,1.0,0.0,0.0,0.0,0.0,0.0,0.0,0.0,0.0,0.0,0.0,0.0,1.0,0.0,1.0,1.0,0.0,0.0,0.944753497838974,0.435839609,0.094603968,0.4224627114,0.5931901900000001,9.34,7.61
1998.0,AR,0.0,2.0,2.0,0.0,0.0,0.0,0.0,0.0,0.0,0.0,0.0,0.0,0.0,0.0,0.0,1.0,1.0,0.0,0.0,0.0,0.9770532846450806,0.433909473,0.337556376,1.0033023422,0.4852509318,9.54,6.01
2018.0,AR,1.0,0.0,0.0,1.0,0.0,0.0,0.0,0.0,0.0,0.0,0.0,0.0,0.0,0.0,0.0,0.0,1.0,0.0,0.0,0.0,0.8410107493400574,0.38206313620000004,0.19818030319999996,0.6150853717999999,0.5171668755000001,11.1,6.69
1993.0,AZ,0.0,2.0,0.0,0.0,0.0,0.0,0.0,0.0,2.0,0.0,0.0,0.0,0.0,0.0,0.0,2.0,0.0,0.0,0.0,0.0,0.979385256767273,0.287109845,0.703305352,1.0510170146,0.4816122745,12.75,5.73
1994.0,AZ,2.0,3.0,2.0,1.0,0.0,0.0,0.0,0.0,0.0,0.0,0.0,0.0,0.0,0.0,2.0,4.0,0.0,1.0,0.0,0.0,0.9925746440887451,0.285970711,0.595246727,0.5074573486,0.424661512,12.29,7.38
1996.0,AZ,0.0,2.0,0.0,0.0,0.0,0.0,0.0,0.0,0.0,0.0,0.0,2.0,0.0,0.0,0.0,2.0,0.0,0.0,0.0,0.0,0.9959455132484436,0.267651527,0.318777335,0.5074573486,0.37894407799999996,10.87,6.48
1998.0,AZ,0.0,3.0,3.0,0.0,0.0,0.0,0.0,0.0,0.0,0.0,0.0,0.0,0.0,0.0,0.0,3.0,0.0,0.0,0.0,0.0,0.9908996025721232,0.253215494,0.291716181,0.5074573486,0.39950156099999995,10.99,5.82
2006.0,AZ,1.0,0.0,0.0,0.0,1.0,0.0,0.0,0.0,0.0,0.0,0.0,0.0,0.0,0.0,0.0,0.0,1.0,0.0,0.0,0.0,0.9733721613883972,0.243212951,0.207519895,-0.350898544,0.350953786,9.27,6.42
2009.0,AZ,0.0,2.0,0.0,0.0,0.0,0.0,0.0,0.0,0.0,0.0,0.0,2.0,0.0,0.0,0.0,2.0,0.0,0.0,0.0,0.0,0.9964773058891296,0.24761532,0.146842367,-0.591589416,0.435879906,9.44,3.69
2010.0,AZ,1.0,0.0,0.0,1.0,0.0,0.0,0.0,0.0,0.0,0.0,0.0,0.0,0.0,0.0,0.0,0.0,1.0,0.0,0.0,0.0,0.9990474581718445,0.243934552,0.169366635,-0.527318979,0.3282503005,9.53,4.36
2014.0,AZ,0.0,1.0,0.0,0.0,0.0,0.0,0.0,0.0,0.0,0.0,0.0,1.0,0.0,0.0,0.0,0.0,1.0,0.0,0.0,0.0,0.9885333776473999,0.236577548,0.136861033,-0.516806432,0.368824415,9.64,3.31
1991.0,CA,0.0,4.0,3.0,0.0,0.0,0.0,0.0,0.0,0.0,0.0,0.0,1.0,0.0,0.0,0.0,3.0,1.0,0.0,1.0,0.0,0.9908114075660706,0.154076373,-0.019359884,-0.33087905340000007,0.3525190595,6.91,8.74
1992.0,CA,0.0,1.0,0.0,0.0,0.0,1.0,0.0,0.0,0.0,0.0,0.0,0.0,0.0,0.0,0.0,1.0,0.0,0.0,1.0,0.0,0.996663510799408,0.151101858,-0.102750319,-0.2506779558000001,0.47039975940000006,6.89,9.21
1994.0,CA,0.0,3.0,1.0,0.0,0.0,0.0,0.0,0.0,0.0,0.0,1.0,1.0,0.0,0.0,0.0,3.0,0.0,0.0,1.0,1.0,0.9932007193565369,0.173162217,-0.094675562,-0.34315092180000006,0.234772232,6.77,8.91
1997.0,CA,0.0,2.0,0.0,0.0,0.0,0.0,0.0,0.0,0.0,0.0,0.0,0.0,0.0,0.0,2.0,1.0,1.0,0.0,1.0,1.0,0.994931161403656,0.162568085,-0.844210401,-0.579994132,0.335262937,5.7,5.87
1998.0,CA,0.0,2.0,1.0,0.0,0.0,0.0,0.0,0.0,0.0,0.0,0.0,0.0,1.0,0.0,0.0,1.0,1.0,0.0,1.0,1.0,0.9845346212387085,0.097368633,-1.056209347,-0.886110324,0.198553994,5.5,4.62
2000.0,CA,0.0,1.0,0.0,0.0,0.0,0.0,0.0,1.0,0.0,0.0,0.0,0.0,0.0,0.0,0.0,1.0,0.0,0.0,1.0,1.0,0.6467769145965576,0.157698424,-1.125090262,-0.743360241,0.28960493966666667,4.67,4.21
2001.0,CA,0.0,1.0,0.0,0.0,0.0,0.0,0.0,1.0,0.0,0.0,0.0,0.0,0.0,0.0,0.0,1.0,0.0,0.0,1.0,1.0,0.9993584752082825,0.156527749,-1.124564832,-0.797075042,0.214033918,4.45,4.4
2002.0,CA,0.0,1.0,0.0,0.0,0.0,0.0,0.0,0.0,0.0,0.0,0.0,1.0,0.0,0.0,0.0,1.0,0.0,0.0,1.0,1.0,0.9625751972198486,0.156495978,-1.183212923,-0.98425093,0.207165818,4.5,4.95
2003.0,CA,0.0,1.0,0.0,0.0,0.0,0.0,0.0,0.0,0.0,0.0,0.0,0.0,0.0,1.0,0.0,1.0,0.0,0.0,1.0,1.0,0.9962722063064575,0.154670221,-1.104677471,-1.202189231,0.215295922,4.44,4.83
2004.0,CA,0.0,1.0,0.0,0.0,0.0,0.0,0.0,0.0,0.0,0.0,0.0,1.0,0.0,0.0,0.0,1.0,0.0,0.0,1.0,1.0,0.781150221824646,0.154942574,-1.062389653,-1.171225228,0.2265428045,4.0,4.86
2012.0,CA,0.0,2.0,1.0,0.0,0.0,0.0,0.0,0.0,0.0,1.0,0.0,0.0,0.0,0.0,0.0,0.0,2.0,0.0,1.0,1.0,0.9945594966411591,0.150334464,-1.385960469,-1.181694977,0.2720075656666667,3.99,3.5
2013.0,CA,0.0,3.0,0.0,0.0,0.0,0.0,0.0,0.0,0.0,1.0,0.0,2.0,0.0,0.0,0.0,2.0,1.0,0.0,1.0,1.0,0.976720412572225,0.145863724,-1.4348353329999999,-1.148382111,0.235708797,3.9599999999999995,3.35
2014.0,CA,0.0,5.0,2.0,0.0,0.0,1.0,0.0,0.0,0.0,0.0,0.0,0.0,2.0,0.0,0.0,3.0,2.0,0.0,1.0,1.0,0.9454389810562134,0.146260652,-1.477369406,-1.025822926,0.187158672,3.9,3.14
2015.0,CA,0.0,2.0,0.0,0.0,0.0,0.0,0.0,0.0,0.0,0.0,1.0,0.0,0.0,1.0,0.0,2.0,0.0,0.0,1.0,1.0,0.9912254214286804,0.145829198,-1.508137086,-1.155857493,0.235507313,3.78,3.52
2016.0,CA,0.0,4.0,0.0,0.0,0.0,0.0,0.0,0.0,0.0,0.0,0.0,4.0,0.0,0.0,0.0,4.0,0.0,0.0,1.0,1.0,0.9869453459978104,0.160670983,-1.473129582,-0.898778235,0.2134341575,3.86,3.69
2019.0,CA,0.0,1.0,0.0,0.0,0.0,0.0,0.0,0.0,1.0,0.0,0.0,0.0,0.0,0.0,0.0,0.0,1.0,0.0,0.2,0.2,0.9590319395065308,0.4675653624000001,0.3552380604,0.7951114521999999,0.5349462922,11.434000000000001,4.364
1993.0,CO,0.0,3.0,0.0,0.0,0.0,1.0,0.0,0.0,2.0,0.0,0.0,0.0,0.0,0.0,0.0,3.0,0.0,0.0,0.0,0.0,0.9950306216875712,0.337619691,0.33394913,0.284131427,0.4493198665,11.050000000000002,3.82
1994.0,CO,1.0,3.0,4.0,0.0,0.0,0.0,0.0,0.0,0.0,0.0,0.0,0.0,0.0,0.0,0.0,3.0,0.0,1.0,0.0,0.0,0.9885546863079071,0.321379755,0.27299844,0.284131427,0.470229772,9.86,3.33
1998.0,CO,0.0,2.0,2.0,0.0,0.0,0.0,0.0,0.0,0.0,0.0,0.0,0.0,0.0,0.0,0.0,2.0,0.0,0.0,0.0,0.0,0.9770532846450806,0.298953988,0.392318227,0.27350519119999994,0.365952397,8.2,2.62
2003.0,CO,1.0,0.0,0.0,1.0,0.0,0.0,0.0,0.0,0.0,0.0,0.0,0.0,0.0,0.0,0.0,0.0,1.0,0.0,0.0,0.0,0.8392454981803894,0.293020681,0.324397278,0.304113956,0.395146628,8.18,2.5
2013.0,CO,0.0,5.0,2.0,0.0,0.0,0.0,0.0,0.0,0.0,0.0,0.0,3.0,0.0,0.0,0.0,5.0,0.0,0.0,1.0,0.0,0.8858089804649353,0.283346271,0.386873276,0.700286899,0.502715567,9.02,1.9899999999999998
2020.0,CO,0.0,2.0,0.0,0.0,0.0,0.0,0.0,0.0,0.0,0.0,0.0,2.0,0.0,0.0,0.0,2.0,0.0,0.0,0.6,0.4,0.9840790629386902,0.2914043244,-0.5171217904000001,-0.25674876440000005,0.34385549260000003,5.4,4.54
1993.0,CT,0.0,2.0,0.0,0.0,0.0,0.0,0.0,2.0,0.0,0.0,0.0,0.0,0.0,0.0,0.0,2.0,0.0,0.0,0.0,0.0,0.9650610685348511,0.208477715,-0.202645063,-0.9882260492,0.2525392165,4.47,4.53
1994.0,CT,0.0,5.0,3.0,0.0,0.0,0.0,0.0,0.0,1.0,0.0,0.0,0.0,0.0,1.0,0.0,4.0,1.0,0.0,0.0,0.0,0.9966527581214905,0.20987715700000004,-0.174565612,-0.9162791570000002,0.25648198,4.38,4.48
1995.0,CT,1.0,3.0,2.0,0.0,0.0,0.0,0.0,0.0,0.0,0.0,1.0,0.0,0.0,0.0,1.0,3.0,0.0,1.0,1.0,1.0,0.9103226661682129,0.210327996,-0.432083348,-1.1139875458,0.319065818,4.23,3.23
1998.0,CT,0.0,2.0,1.0,0.0,0.0,0.0,0.0,0.0,0.0,0.0,0.0,0.0,0.0,1.0,0.0,2.0,0.0,0.0,1.0,1.0,0.9876878559589386,0.203158816,-0.891303949,-1.1903373078000001,0.237468203,2.63,2.86
1999.0,CT,0.0,2.0,1.0,0.0,0.0,0.0,0.0,0.0,0.0,0.0,0.0,1.0,0.0,0.0,0.0,2.0,0.0,0.0,1.0,1.0,0.9954995512962341,0.201243007,-0.735252815,-1.144365729,0.153651657,3.25,2.62
2000.0,CT,0.0,1.0,1.0,0.0,0.0,0.0,0.0,0.0,0.0,0.0,0.0,0.0,0.0,0.0,0.0,1.0,0.0,0.0,1.0,1.0,0.9972768425941467,0.199880601,-0.866331375,-1.692557192,0.226119667,3.23,1.93
2012.0,CT,0.0,1.0,0.0,0.0,0.0,0.0,1.0,0.0,0.0,0.0,0.0,0.0,0.0,0.0,0.0,0.0,1.0,0.0,1.0,1.0,0.8973110914230347,0.190410676,-0.851575457,-0.772828132,0.21632307733333334,2.93,3.41
2013.0,CT,0.0,6.0,0.0,0.0,0.0,0.0,0.0,0.0,1.0,0.0,0.0,4.0,0.0,0.0,1.0,4.0,2.0,0.0,1.0,1.0,0.9755975504716238,0.184855438,-0.837602909,-0.756717929,0.24411260599999998,2.46,1.8999999999999997
2014.0,CT,1.0,2.0,1.0,0.0,0.0,0.0,0.0,0.0,0.0,0.0,1.0,0.0,0.0,0.0,1.0,2.0,0.0,1.0,1.0,1.0,0.9897500475247701,0.178247315,-0.804620344,-0.47712775,0.204234396,3.1199999999999997,1.67
2016.0,CT,0.0,1.0,0.0,0.0,0.0,0.0,0.0,0.0,0.0,0.0,0.0,1.0,0.0,0.0,0.0,1.0,0.0,0.0,1.0,1.0,0.9744583368301392,0.188096983,-0.843627833,-0.439762876,0.2589959385,2.73,1.64
1994.0,DC,0.0,1.0,1.0,0.0,0.0,0.0,0.0,0.0,0.0,0.0,0.0,0.0,0.0,0.0,0.0,1.0,0.0,0.0,0.4,0.6,0.9986502528190613,0.22733621539999999,-0.6056453116,-0.636519159,0.35447316,7.4399999999999995,5.32
1998.0,DC,0.0,1.0,1.0,0.0,0.0,0.0,0.0,0.0,0.0,0.0,0.0,0.0,0.0,0.0,0.0,1.0,0.0,0.0,0.2,0.2,0.9770532846450806,0.4024329578,0.17262250579999996,-0.31867408659999996,0.41607671040000005,8.956,3.854
2008.0,DC,2.0,0.0,1.0,0.0,0.0,0.0,0.0,1.0,0.0,0.0,0.0,0.0,0.0,0.0,0.0,1.0,0.0,1.0,0.0,0.0,0.8945695161819458,0.48616620059999993,1.0642064742,1.2134338176,0.5280955965999999,9.698,2.7939999999999996
2009.0,DC,0.0,4.0,0.0,0.0,0.0,0.0,0.0,0.0,0.0,0.0,0.0,0.0,0.0,2.0,2.0,2.0,2.0,0.0,0.2,0.2,0.9564523696899414,0.3853572864,-0.1588439916,-0.3150226956,0.38784444990000005,6.837999999999999,2.966
2013.0,DC,0.0,1.0,0.0,0.0,0.0,0.0,0.0,1.0,0.0,0.0,0.0,0.0,0.0,0.0,0.0,1.0,0.0,0.0,0.0,0.0,0.9723289012908936,0.4540930996,0.09033198800000002,0.4840730583999999,0.45282793926666665,8.712,4.17
2015.0,DC,1.0,1.0,0.0,0.0,0.0,0.0,0.0,1.0,0.0,1.0,0.0,0.0,0.0,0.0,0.0,1.0,0.0,1.0,0.2,0.2,0.9831724762916565,0.3444708538,-0.3207020692,-0.16852830480000006,0.4148332407,7.492,5.198
2017.0,DC,1.0,0.0,0.0,1.0,0.0,0.0,0.0,0.0,0.0,0.0,0.0,0.0,0.0,0.0,0.0,0.0,1.0,0.0,0.0,0.0,0.9610615968704224,0.5002878798,0.6767705856,0.890278754,0.5775031485,10.576,6.378000000000001
2019.0,DC,0.0,2.0,0.0,0.0,0.0,0.0,0.0,0.0,0.0,0.0,0.0,2.0,0.0,0.0,0.0,2.0,0.0,0.0,0.6,0.4,0.7761008441448212,0.2914043244,-0.5171217904,-0.25674876440000005,0.34385549260000003,5.738,2.538
1992.0,DE,0.0,1.0,0.0,0.0,0.0,0.0,0.0,0.0,0.0,0.0,0.0,1.0,0.0,0.0,0.0,1.0,0.0,0.0,0.0,0.0,0.9981886744499207,0.230990898,-0.980388977,-0.6493145102,0.45330781810000004,6.01,1.58
1994.0,DE,0.0,6.0,3.0,0.0,0.0,1.0,0.0,0.0,2.0,0.0,0.0,0.0,0.0,0.0,0.0,6.0,0.0,0.0,0.0,0.0,0.9957665403683981,0.22793095500000002,-0.874216477,-0.6672814332000001,0.445274443,6.3,2.45
1998.0,DE,0.0,1.0,1.0,0.0,0.0,0.0,0.0,0.0,0.0,0.0,0.0,0.0,0.0,0.0,0.0,1.0,0.0,0.0,0.0,0.0,0.9770532846450806,0.207717149,-0.93479493,-0.8649898219999999,0.290894813,4.48,1.95
1999.0,DE,0.0,2.0,0.0,0.0,0.0,0.0,0.0,0.0,0.0,0.0,0.0,2.0,0.0,0.0,0.0,1.0,1.0,0.0,0.0,0.0,0.9716748595237732,0.20177409,-0.662384276,-0.682000899,0.321388184,5.67,2.28
2007.0,DE,0.0,1.0,0.0,0.0,0.0,0.0,0.0,0.0,0.0,0.0,0.0,1.0,0.0,0.0,0.0,0.0,1.0,0.0,0.0,0.0,0.9961044788360596,0.174059084,-1.017960703,-0.849329004,0.270566356,5.0,3.55
2008.0,DE,0.0,1.0,0.0,0.0,0.0,0.0,0.0,0.0,0.0,0.0,0.0,1.0,0.0,0.0,0.0,0.0,1.0,0.0,0.0,0.0,0.6697035431861877,0.211428647,-1.085394047,-0.843169196,0.307587687,4.36,6.29
2013.0,DE,0.0,2.0,2.0,0.0,0.0,0.0,0.0,0.0,0.0,0.0,0.0,0.0,0.0,0.0,0.0,2.0,0.0,0.0,1.0,0.0,0.9962978959083557,0.200173933,-0.859887417,-0.604049783,0.373201505,5.94,4.3
2016.0,DE,0.0,2.0,2.0,0.0,0.0,0.0,0.0,0.0,0.0,0.0,0.0,0.0,0.0,0.0,0.0,2.0,0.0,0.0,1.0,0.0,0.9984418749809265,0.231977338,-0.676873538,-0.209438738,0.44064117950000004,5.87,4.91
2018.0,DE,0.0,3.0,0.0,0.0,0.0,0.0,0.0,0.0,0.0,0.0,0.0,3.0,0.0,0.0,0.0,2.0,1.0,0.0,0.6,0.4,0.9894212881724039,0.20988240399999997,-0.7320024634,-0.57965307,0.32905800160000004,5.72,5.510000000000001
1991.0,FL,0.0,1.0,0.0,0.0,0.0,0.0,0.0,0.0,0.0,0.0,0.0,0.0,0.0,0.0,1.0,1.0,0.0,0.0,0.0,0.0,0.9777440428733826,0.161151377,-0.776058639,0.48498398619999994,0.45898163550000004,9.24,7.35
1994.0,FL,0.0,3.0,1.0,0.0,0.0,0.0,0.0,0.0,2.0,0.0,0.0,0.0,0.0,0.0,0.0,3.0,0.0,0.0,0.0,0.0,0.9958961208661398,0.152992051,-0.731000458,0.48498398619999994,0.302502507,8.54,6.510000000000001
1998.0,FL,0.0,2.0,1.0,0.0,0.0,0.0,0.0,0.0,0.0,0.0,0.0,1.0,0.0,0.0,0.0,2.0,0.0,0.0,0.0,0.0,0.9872293770313263,0.145871594,-1.087856383,0.03147561040000002,0.25486946,7.1,4.56
2003.0,FL,0.0,1.0,0.0,0.0,0.0,0.0,0.0,0.0,0.0,0.0,0.0,1.0,0.0,0.0,0.0,0.0,1.0,0.0,0.0,0.0,0.898464560508728,0.135706381,-1.129050294,-0.813501507,0.253667045,6.75,4.07
2005.0,FL,1.0,0.0,0.0,0.0,1.0,0.0,0.0,0.0,0.0,0.0,0.0,0.0,0.0,0.0,0.0,0.0,1.0,0.0,0.0,0.0,0.9298450350761414,0.132481328,-1.151089188,-0.686884894,0.3792889359333333,5.96,3.74
2018.0,FL,0.0,9.0,2.0,0.0,0.0,0.0,0.0,0.0,2.0,0.0,0.0,4.0,0.0,0.0,1.0,6.0,3.0,0.0,0.8,0.4,0.9917847514152527,0.2180196966,-0.5108819468,0.11290537739999999,0.3611746177,7.58,4.95
1994.0,GA,1.0,4.0,1.0,0.0,0.0,1.0,0.0,0.0,2.0,0.0,0.0,0.0,0.0,0.0,1.0,4.0,1.0,0.0,0.0,0.0,0.9782260060310364,0.364525228,-0.587808314,0.48498398619999994,0.443899994,9.01,7.68
1996.0,GA,1.0,2.0,2.0,0.0,0.0,0.0,0.0,0.0,0.0,0.0,0.0,0.0,0.0,0.0,1.0,2.0,0.0,1.0,0.0,0.0,0.8303574919700623,0.352268091,-0.86156402,0.5636920524,0.4846291005,8.81,6.59
1998.0,GA,0.0,1.0,1.0,0.0,0.0,0.0,0.0,0.0,0.0,0.0,0.0,0.0,0.0,0.0,0.0,1.0,0.0,0.0,0.0,0.0,0.9770532846450806,0.326242109,-0.832838437,0.4249974454,0.447601539,7.88,5.12
2005.0,GA,1.0,0.0,1.0,0.0,0.0,0.0,0.0,0.0,0.0,0.0,0.0,0.0,0.0,0.0,0.0,0.0,0.0,1.0,0.0,0.0,0.9879127144813538,0.312335569,-0.852413499,-0.459470669,0.38615178499999997,6.88,4.78
2006.0,GA,1.0,0.0,0.0,0.0,1.0,0.0,0.0,0.0,0.0,0.0,0.0,0.0,0.0,0.0,0.0,0.0,1.0,0.0,0.0,0.0,0.9125024080276489,0.314257025,-0.746681258,-0.26814953,0.319583782,6.75,5.25
2014.0,GA,1.0,0.0,0.0,0.0,0.0,0.0,1.0,0.0,0.0,0.0,0.0,0.0,0.0,0.0,0.0,0.0,0.0,1.0,0.0,0.0,0.9535995125770569,0.296059582,-0.763474649,-0.711581886,0.303801949,8.19,4.99
1992.0,HI,0.0,5.0,0.0,0.0,0.0,1.0,0.0,1.0,0.0,0.0,2.0,0.0,0.0,0.0,1.0,2.0,3.0,0.0,1.0,1.0,0.9963960766792297,0.094406245,0.209517132,-1.1893507494000002,0.2973747105,2.88,1.23
1993.0,HI,0.0,1.0,0.0,0.0,0.0,0.0,0.0,0.0,0.0,0.0,0.0,1.0,0.0,0.0,0.0,1.0,0.0,0.0,1.0,1.0,0.9770228862762451,0.093903028,0.828494413,-1.2483645312,0.342533272,2.57,1.15
1994.0,HI,0.0,7.0,1.0,0.0,0.0,0.0,0.0,0.0,2.0,0.0,2.0,1.0,1.0,0.0,0.0,2.0,5.0,0.0,1.0,1.0,0.8558909978185382,0.095834821,0.779957473,-1.1893507494000002,0.3932984168,4.27,1.8
1995.0,HI,0.0,1.0,0.0,0.0,0.0,0.0,0.0,0.0,0.0,0.0,0.0,0.0,0.0,1.0,0.0,1.0,0.0,0.0,1.0,1.0,0.9404020309448242,0.094510243,0.618045501,-1.1139875458,0.3738341498,3.69,2.13
1998.0,HI,0.0,1.0,1.0,0.0,0.0,0.0,0.0,0.0,0.0,0.0,0.0,0.0,0.0,0.0,0.0,1.0,0.0,0.0,1.0,1.0,0.9770532846450806,0.092038136,-0.71648542,-1.1244973612,0.2158761202,2.28,0.66
2000.0,HI,0.0,2.0,0.0,0.0,0.0,0.0,0.0,0.0,0.0,0.0,0.0,2.0,0.0,0.0,0.0,0.0,2.0,0.0,1.0,1.0,0.8797295689582825,0.088727924,-0.82532697,-1.415245168,0.18907230079999998,2.98,0.74
2020.0,HI,0.0,2.0,0.0,0.0,0.0,0.0,0.0,0.0,0.0,0.0,0.0,2.0,0.0,0.0,0.0,2.0,0.0,0.0,0.6,0.4,0.9917619824409485,0.2914043244,-0.5171217904000001,-0.25674876440000005,0.34385549260000003,5.4,4.54
1994.0,IA,0.0,1.0,1.0,0.0,0.0,0.0,0.0,0.0,0.0,0.0,0.0,0.0,0.0,0.0,0.0,1.0,0.0,0.0,1.0,1.0,0.9986502528190613,0.473420473,-0.334805545,-0.726295215,0.46480640840000004,6.18,1.0
1998.0,IA,0.0,1.0,1.0,0.0,0.0,0.0,0.0,0.0,0.0,0.0,0.0,0.0,0.0,0.0,0.0,1.0,0.0,0.0,1.0,1.0,0.9770532846450806,0.498770266,0.12397281,-0.7218496836000001,0.401985455,4.84,1.37
2010.0,IA,0.0,1.0,0.0,0.0,0.0,0.0,0.0,0.0,0.0,0.0,0.0,1.0,0.0,0.0,0.0,1.0,0.0,0.0,1.0,1.0,0.9552644491195679,0.529609932,0.288294065,-1.173223228,0.4545825495,5.59,1.15
2011.0,IA,1.0,0.0,0.0,1.0,0.0,0.0,0.0,0.0,0.0,0.0,0.0,0.0,0.0,0.0,0.0,0.0,1.0,0.0,1.0,1.0,0.8143131136894226,0.53007155,0.279277205,-1.237220693,0.470663679,5.95,1.04
2017.0,IA,1.0,0.0,0.0,0.0,1.0,0.0,0.0,0.0,0.0,0.0,0.0,0.0,0.0,0.0,0.0,0.0,1.0,0.0,0.2,0.0,0.8995171189308167,0.4618242196,0.3355912884,0.24035633839999998,0.45767705259999997,6.64,2.15
1994.0,ID,1.0,7.0,3.0,0.0,0.0,0.0,0.0,0.0,3.0,0.0,0.0,0.0,0.0,0.0,2.0,6.0,1.0,1.0,0.0,0.0,0.9700718075037003,0.720753911,1.147495862,0.2735051912,0.5144990084,11.74,2.1
1998.0,ID,0.0,2.0,2.0,0.0,0.0,0.0,0.0,0.0,0.0,0.0,0.0,0.0,0.0,0.0,0.0,2.0,0.0,0.0,0.0,0.0,0.9770532846450806,0.77914868,1.258510672,0.8395382196,0.456196206,10.97,1.43
2016.0,ID,1.0,0.0,0.0,1.0,0.0,0.0,0.0,0.0,0.0,0.0,0.0,0.0,0.0,0.0,0.0,0.0,1.0,0.0,0.0,0.0,0.9918720126152039,0.714829614,1.396697636,0.388481222,0.682871621,12.79,1.04
2018.0,ID,1.0,0.0,0.0,0.0,1.0,0.0,0.0,0.0,0.0,0.0,0.0,0.0,0.0,0.0,0.0,0.0,1.0,0.0,0.2,0.0,0.9960454106330872,0.5883510676,1.0837560356,1.1167297884,0.5689146994,14.0,1.81
1994.0,IL,0.0,1.0,1.0,0.0,0.0,0.0,0.0,0.0,0.0,0.0,0.0,0.0,0.0,0.0,0.0,1.0,0.0,0.0,0.0,1.0,0.9986502528190613,0.32928804,-0.919881784,-0.672467098,0.31124033,4.13,8.49
1996.0,IL,0.0,1.0,0.0,0.0,0.0,0.0,0.0,0.0,0.0,0.0,0.0,1.0,0.0,0.0,0.0,1.0,0.0,0.0,0.0,1.0,0.9984076619148254,0.316327636,-0.895800863,-0.672467098,0.27838310499999996,4.08,7.18
1998.0,IL,0.0,1.0,1.0,0.0,0.0,0.0,0.0,0.0,0.0,0.0,0.0,0.0,0.0,0.0,0.0,1.0,0.0,0.0,0.0,1.0,0.9770532846450806,0.301534518,-1.076784921,-0.9009169264000001,0.22676361,3.99,6.21
2000.0,IL,0.0,1.0,0.0,0.0,0.0,1.0,0.0,0.0,0.0,0.0,0.0,0.0,0.0,0.0,0.0,1.0,0.0,0.0,0.0,1.0,0.9968339800834656,0.259407937,-0.99275831,-1.063749709,0.3250621776666667,3.5,5.3
2008.0,IL,0.0,1.0,0.0,0.0,0.0,0.0,0.0,0.0,0.0,0.0,0.0,1.0,0.0,0.0,0.0,0.0,1.0,0.0,0.0,1.0,0.994244396686554,0.320991013,-0.875871932,-1.097573162,0.193236924,3.38,4.9
2009.0,IL,0.0,1.0,0.0,0.0,0.0,0.0,0.0,0.0,0.0,0.0,0.0,1.0,0.0,0.0,0.0,0.0,1.0,0.0,0.0,1.0,0.9978524446487427,0.320366573,-0.882404891,-1.039170237,0.316432592,3.05,4.9
2013.0,IL,1.0,4.0,3.0,1.0,0.0,0.0,0.0,0.0,0.0,0.0,0.0,1.0,0.0,0.0,0.0,0.0,5.0,0.0,0.0,1.0,0.9712232351303101,0.319156031,-0.75833475,-0.8538264699999999,0.353711374,3.65,4.54
2018.0,IL,0.0,1.0,0.0,0.0,0.0,0.0,0.0,0.0,0.0,0.0,0.0,1.0,0.0,0.0,0.0,1.0,0.0,0.0,0.6,0.4,0.9593400955200195,0.314701209,-0.600717079,-0.35132605400000005,0.3612582712,4.23,6.34
2019.0,IL,0.0,2.0,0.0,0.0,0.0,0.0,0.0,0.0,0.0,0.0,0.0,2.0,0.0,0.0,0.0,2.0,0.0,0.0,0.6,0.4,0.869947761297226,0.2914043244,-0.5171217904000001,-0.25674876440000005,0.34385549260000003,5.738,2.538
1994.0,IN,0.0,4.0,1.0,0.0,0.0,1.0,0.0,0.0,2.0,0.0,0.0,0.0,0.0,0.0,0.0,4.0,0.0,0.0,0.0,0.0,0.9948121905326843,0.339360701,0.014552481,0.08620967259999998,0.472564939,7.64,5.31
1998.0,IN,1.0,1.0,1.0,0.0,0.0,0.0,0.0,0.0,0.0,0.0,0.0,0.0,0.0,0.0,1.0,1.0,0.0,1.0,0.0,0.0,0.9764666557312012,0.325432391,0.110834356,0.4249974454,0.431211566,7.13,4.76
2002.0,IN,0.0,1.0,0.0,0.0,0.0,0.0,0.0,0.0,0.0,0.0,0.0,1.0,0.0,0.0,0.0,1.0,0.0,0.0,0.0,0.0,0.9857499599456787,0.308791779,0.047344758,-0.997292198,0.38093366100000003,7.27,3.88
2005.0,IN,0.0,1.0,0.0,0.0,0.0,0.0,0.0,0.0,0.0,0.0,0.0,1.0,0.0,0.0,0.0,1.0,0.0,0.0,0.0,0.0,0.9661574363708496,0.25922072,-0.043643181,-0.337975764,0.34486571353333334,6.55,4.05
2006.0,IN,1.0,0.0,0.0,0.0,1.0,0.0,0.0,0.0,0.0,0.0,0.0,0.0,0.0,0.0,0.0,0.0,1.0,0.0,0.0,0.0,0.565584123134613,0.277159188,-0.147396496,-0.311712867,0.389799658,6.89,4.18
2011.0,IN,1.0,0.0,0.0,0.0,0.0,0.0,1.0,0.0,0.0,0.0,0.0,0.0,0.0,0.0,0.0,0.0,1.0,0.0,0.0,0.0,0.8232919573783875,0.263936004,-0.081527714,-0.072270892,0.39517759,6.16,3.15
1994.0,KS,0.0,3.0,1.0,0.0,0.0,0.0,0.0,0.0,1.0,0.0,0.0,0.0,0.0,0.0,1.0,3.0,0.0,0.0,0.0,0.0,0.9906015594800314,0.243697775,0.664999941,0.08620967259999998,0.497403852,7.37,4.86
1998.0,KS,1.0,1.0,1.0,0.0,0.0,0.0,0.0,0.0,0.0,0.0,0.0,0.0,0.0,0.0,1.0,1.0,0.0,1.0,0.0,0.0,0.9764666557312012,0.365417875,0.682429442,0.5530658166,0.39297306,7.66,4.02
2006.0,KS,1.0,0.0,0.0,0.0,1.0,0.0,0.0,0.0,0.0,0.0,0.0,0.0,0.0,0.0,0.0,0.0,1.0,0.0,0.0,0.0,0.9672197699546814,0.368492331,0.380526355,0.193785689,0.407495362,7.64,2.62
2007.0,KS,1.0,0.0,0.0,1.0,0.0,0.0,0.0,0.0,0.0,0.0,0.0,0.0,0.0,0.0,0.0,0.0,1.0,0.0,0.0,0.0,0.8946568965911865,0.363183738,0.434785438,0.246530314,0.50371867,7.51,2.57
2011.0,KS,0.0,1.0,0.0,0.0,0.0,0.0,0.0,0.0,0.0,0.0,0.0,1.0,0.0,0.0,0.0,1.0,0.0,0.0,0.0,0.0,0.9350191950798035,0.359504849,0.601355265,0.31527021,0.461705555,7.94,2.9
2015.0,KS,1.0,0.0,0.0,1.0,0.0,0.0,0.0,0.0,0.0,0.0,0.0,0.0,0.0,0.0,0.0,0.0,1.0,0.0,0.0,0.0,0.983025848865509,0.35170957,0.764034793,0.036073633,0.47178022,7.59,3.35
2018.0,KS,0.0,1.0,0.0,0.0,0.0,0.0,0.0,0.0,0.0,0.0,0.0,1.0,0.0,0.0,0.0,1.0,0.0,0.0,0.2,0.0,0.9920367002487183,0.37757941440000004,0.2424086332,0.37768193719999993,0.4543940286,9.79,4.52
1994.0,KY,1.0,4.0,1.0,0.0,0.0,1.0,0.0,0.0,2.0,0.0,0.0,0.0,0.0,0.0,1.0,4.0,1.0,0.0,0.0,0.0,0.9795168519020081,0.358423311,-0.526680912,0.28413142700000005,0.565914949,9.83,4.19
1996.0,KY,1.0,0.0,0.0,1.0,0.0,0.0,0.0,0.0,0.0,0.0,0.0,0.0,0.0,0.0,0.0,0.0,1.0,0.0,0.0,0.0,0.748120903968811,0.357983868,-0.229946832,0.48498398619999994,0.5472987985,8.77,3.67
1998.0,KY,1.0,1.0,1.0,0.0,0.0,0.0,0.0,0.0,0.0,0.0,0.0,0.0,0.0,0.0,1.0,1.0,0.0,1.0,0.0,0.0,0.9764666557312012,0.380889344,0.182662218,1.0510170146,0.570738863,9.49,4.29
2006.0,KY,1.0,0.0,0.0,0.0,1.0,0.0,0.0,0.0,0.0,0.0,0.0,0.0,0.0,0.0,0.0,0.0,1.0,0.0,0.0,0.0,0.5767747759819031,0.375117069,0.061052793,1.468428879,0.428726132,8.91,2.68
2019.0,KY,1.0,0.0,0.0,1.0,0.0,0.0,0.0,0.0,0.0,0.0,0.0,0.0,0.0,0.0,0.0,0.0,1.0,0.0,0.0,0.0,0.9938876032829285,0.4915851664,0.4902726296,0.8987256062,0.5541255191,13.209999999999999,4.566
1994.0,LA,0.0,2.0,1.0,0.0,0.0,0.0,0.0,0.0,0.0,0.0,0.0,0.0,0.0,0.0,1.0,2.0,0.0,0.0,0.0,0.0,0.9986502528190613,0.350455856,-1.041355316,-0.08225824840000007,0.538665322,9.89,16.19
1996.0,LA,1.0,0.0,0.0,1.0,0.0,0.0,0.0,0.0,0.0,0.0,0.0,0.0,0.0,0.0,0.0,0.0,1.0,0.0,0.0,0.0,0.9120824933052063,0.242025521,-0.82705625,-0.02071508879999997,0.42288172749999997,9.04,13.43
1998.0,LA,1.0,1.0,1.0,0.0,0.0,0.0,0.0,0.0,0.0,0.0,0.0,0.0,0.0,0.0,1.0,1.0,0.0,1.0,0.0,0.0,0.9764666557312012,0.363413766,-0.662264688,-0.17450462360000002,0.373942497,7.97,9.66
1999.0,LA,0.0,1.0,0.0,0.0,0.0,0.0,0.0,0.0,1.0,0.0,0.0,0.0,0.0,0.0,0.0,1.0,0.0,0.0,0.0,0.0,0.9933659434318542,0.363111575,-0.668872288,0.386215231,0.491883057,8.95,7.52
2006.0,LA,1.0,0.0,0.0,0.0,1.0,0.0,0.0,0.0,0.0,0.0,0.0,0.0,0.0,0.0,0.0,0.0,1.0,0.0,0.0,0.0,0.9767940044403076,0.363328348,-0.609885762,0.680613324,0.443907064,7.69,10.01
2014.0,LA,0.0,1.0,0.0,0.0,0.0,0.0,0.0,0.0,0.0,0.0,0.0,1.0,0.0,0.0,0.0,1.0,0.0,0.0,0.0,0.0,0.9903766512870789,0.359435297,-0.721171579,0.578412465,0.445944937,9.18,9.13
2017.0,LA,0.0,1.0,0.0,0.0,0.0,0.0,0.0,0.0,0.0,0.0,0.0,1.0,0.0,0.0,0.0,1.0,0.0,0.0,0.0,0.0,0.9603071212768555,0.3694210598,-0.25235093499999994,0.7716470165999999,0.5137474463,9.24,11.79
2018.0,LA,0.0,2.0,0.0,0.0,0.0,0.0,0.0,0.0,0.0,0.0,0.0,2.0,0.0,0.0,0.0,2.0,0.0,0.0,0.0,0.0,0.9940514862537384,0.3694210598,-0.25235093499999994,0.7716470165999999,0.5137474463,9.61,11.09
1994.0,MA,0.0,3.0,1.0,0.0,0.0,0.0,0.0,0.0,0.0,0.0,0.0,2.0,0.0,0.0,0.0,3.0,0.0,0.0,0.0,1.0,0.9941086967786154,0.206918858,-1.4653180069999998,-1.2448131541999998,0.19631074699999998,2.48,2.33
1998.0,MA,0.0,9.0,1.0,0.0,0.0,1.0,0.0,3.0,2.0,0.0,0.0,0.0,0.0,2.0,0.0,7.0,2.0,0.0,0.0,1.0,0.9498986734284295,0.195986093,-1.597523252,-1.0746352291999999,0.169080838,2.39,1.03
2015.0,MA,0.0,2.0,0.0,0.0,0.0,0.0,0.0,0.0,0.0,0.0,0.0,2.0,0.0,0.0,0.0,2.0,0.0,0.0,0.0,1.0,0.9887748658657074,0.185203677,-1.435065335,-1.399291969,0.2076735,1.59,1.26
2018.0,MA,0.0,2.0,0.0,0.0,0.0,0.0,0.0,0.0,0.0,0.0,0.0,2.0,0.0,0.0,0.0,2.0,0.0,0.0,0.8,1.0,0.9660797417163849,0.1716096312,-1.212916036,-0.8741636646,0.22396906099999997,1.86,1.51
1992.0,MD,0.0,1.0,0.0,0.0,0.0,1.0,0.0,0.0,0.0,0.0,0.0,0.0,0.0,0.0,0.0,1.0,0.0,0.0,0.0,0.0,0.9969406127929688,0.208037579,-0.567203744,-0.34315092180000006,0.37360004950000003,5.2,8.85
1994.0,MD,0.0,2.0,1.0,0.0,0.0,0.0,0.0,1.0,0.0,0.0,0.0,0.0,0.0,0.0,0.0,2.0,0.0,0.0,0.0,0.0,0.9911006689071655,0.196354097,-0.619270049,-0.34315092180000006,0.317642894,6.01,8.75
1996.0,MD,0.0,5.0,1.0,0.0,0.0,0.0,0.0,1.0,1.0,0.0,0.0,1.0,1.0,0.0,0.0,5.0,0.0,0.0,1.0,0.0,0.9770089030265808,0.194681872,-0.781648654,-0.7925497462,0.2185660245,5.32,8.51
1997.0,MD,1.0,0.0,0.0,0.0,0.0,0.0,0.0,0.0,1.0,0.0,0.0,0.0,0.0,0.0,0.0,0.0,0.0,1.0,1.0,0.0,0.7198562622070312,0.191663835,-0.799297989,-0.2654845582,0.360287184,5.31,8.15
1998.0,MD,0.0,1.0,1.0,0.0,0.0,0.0,0.0,0.0,0.0,0.0,0.0,0.0,0.0,0.0,0.0,1.0,0.0,0.0,1.0,0.0,0.9770532846450806,0.192331831,-0.859559765,-0.5948007343999999,0.199101943,5.12,7.59
2003.0,MD,0.0,1.0,0.0,0.0,0.0,0.0,1.0,0.0,0.0,0.0,0.0,0.0,0.0,0.0,0.0,0.0,1.0,0.0,1.0,0.0,0.9718486666679382,0.219386158,-0.790821233,-1.263875927,0.234818852,4.37,7.31
2009.0,MD,0.0,1.0,0.0,0.0,0.0,0.0,0.0,0.0,0.0,0.0,0.0,1.0,0.0,0.0,0.0,0.0,1.0,0.0,1.0,0.0,0.8184182047843933,0.223700273,-1.137995221,-1.078072805,0.212613284,4.26,5.61
2013.0,MD,0.0,6.0,1.0,0.0,0.0,0.0,0.0,1.0,0.0,0.0,1.0,1.0,1.0,1.0,0.0,5.0,1.0,0.0,1.0,1.0,0.9415266017119089,0.0,-1.347434079,-0.715405117,0.265360831,4.1,5.15
2018.0,MD,0.0,2.0,0.0,0.0,0.0,0.0,0.0,0.0,0.0,0.0,0.0,2.0,0.0,0.0,0.0,2.0,0.0,0.0,0.6,0.4,0.9926059544086456,0.223870098,-0.8450794104,-0.4849359700000001,0.33932598280000004,4.07,7.3
1994.0,ME,0.0,2.0,1.0,0.0,0.0,0.0,0.0,0.0,0.0,0.0,0.0,0.0,0.0,0.0,1.0,2.0,0.0,0.0,0.0,0.0,0.9986502528190613,0.378285936,0.041205944,0.19435537099999997,0.49140556999999996,7.75,1.63
1997.0,ME,0.0,1.0,0.0,0.0,0.0,0.0,0.0,0.0,0.0,0.0,0.0,1.0,0.0,0.0,0.0,1.0,0.0,0.0,0.0,0.0,0.979304850101471,0.368079151,-0.201114923,-0.1657659532,0.461687403,6.3,0.85
1998.0,ME,1.0,1.0,1.0,0.0,0.0,0.0,0.0,0.0,0.0,0.0,0.0,0.0,0.0,0.0,1.0,1.0,0.0,1.0,0.0,0.0,0.9764666557312012,0.35831533,-0.199355122,0.40437346119999995,0.4459590078,8.3,0.89
2002.0,ME,0.0,1.0,0.0,0.0,0.0,0.0,0.0,0.0,0.0,0.0,0.0,1.0,0.0,0.0,0.0,1.0,0.0,0.0,0.0,0.0,0.9926359057426453,0.40337074,0.295530314,0.357365957,0.414889428,5.92,0.62
2003.0,ME,0.0,2.0,0.0,0.0,0.0,0.0,0.0,0.0,1.0,0.0,0.0,1.0,0.0,0.0,0.0,1.0,1.0,0.0,0.0,0.0,0.9550209939479828,0.40841496,0.233033637,0.361654998,0.453414015,5.15,0.5
2009.0,ME,0.0,1.0,0.0,0.0,0.0,0.0,0.0,0.0,0.0,0.0,0.0,1.0,0.0,0.0,0.0,1.0,0.0,0.0,0.0,0.0,0.9572797417640686,0.41927531,0.505982969,0.23184106,0.483024092,7.47,1.05
2015.0,ME,1.0,0.0,0.0,1.0,0.0,0.0,0.0,0.0,0.0,0.0,0.0,0.0,0.0,0.0,0.0,0.0,1.0,0.0,0.0,0.0,0.6178296208381653,0.406261381,0.350455846,0.430837355,0.488383346,8.64,1.14
1991.0,MI,1.0,4.0,0.0,0.0,0.0,0.0,0.0,0.0,3.0,0.0,0.0,2.0,0.0,0.0,0.0,4.0,1.0,0.0,1.0,1.0,0.9435614943504333,0.467120683,-0.360289309,-0.4466797688,0.5186955355,7.209999999999999,7.95
1994.0,MI,0.0,1.0,1.0,0.0,0.0,0.0,0.0,0.0,0.0,0.0,0.0,0.0,0.0,0.0,0.0,1.0,0.0,0.0,1.0,1.0,0.9986502528190613,0.450317986,-0.464771319,-0.34315092180000006,0.447829221,6.3,7.47
1998.0,MI,0.0,1.0,1.0,0.0,0.0,0.0,0.0,0.0,0.0,0.0,0.0,0.0,0.0,0.0,0.0,1.0,0.0,0.0,1.0,1.0,0.9770532846450806,0.488974168,-0.078122945,-0.9009169264000001,0.381942724,5.64,5.12
2001.0,MI,1.0,0.0,0.0,1.0,0.0,0.0,0.0,0.0,0.0,0.0,0.0,0.0,0.0,0.0,0.0,0.0,1.0,0.0,1.0,1.0,0.9884029030799866,0.473236167,-0.229426902,-0.756033911,0.38629928,5.44,5.03
2002.0,MI,0.0,2.0,0.0,0.0,0.0,0.0,0.0,0.0,0.0,0.0,0.0,2.0,0.0,0.0,0.0,2.0,0.0,0.0,1.0,1.0,0.7946320176124573,0.472101637,-0.065379331,-0.656069526,0.3725906445,5.79,4.94
2006.0,MI,1.0,0.0,0.0,0.0,1.0,0.0,0.0,0.0,0.0,0.0,0.0,0.0,0.0,0.0,0.0,0.0,1.0,0.0,1.0,1.0,0.9734498858451843,0.461430785,-0.004437242,-0.810963771,0.381263173,5.8,5.5
1993.0,MN,1.0,1.0,0.0,0.0,0.0,1.0,0.0,0.0,0.0,1.0,0.0,0.0,0.0,0.0,0.0,2.0,0.0,0.0,0.0,0.0,0.985275149345398,0.481067578,-0.487074922,-0.6493145102,0.447216683,5.22,1.76
1994.0,MN,0.0,2.0,1.0,0.0,0.0,0.0,0.0,0.0,0.0,0.0,0.0,1.0,0.0,0.0,0.0,1.0,1.0,0.0,0.0,0.0,0.9936441779136658,0.467808231,-0.475205195,-0.6493145102000001,0.439899599,5.43,1.97
1998.0,MN,0.0,1.0,1.0,0.0,0.0,0.0,0.0,0.0,0.0,0.0,0.0,0.0,0.0,0.0,0.0,1.0,0.0,0.0,0.0,0.0,0.9770532846450806,0.462179809,0.049963089,-0.7218496836,0.383814533,5.09,1.13
2003.0,MN,1.0,0.0,0.0,1.0,0.0,0.0,0.0,0.0,0.0,0.0,0.0,0.0,0.0,0.0,0.0,0.0,1.0,0.0,0.0,0.0,0.9883926510810852,0.522482249,0.201395981,0.099898821,0.428399228,4.79,1.46
2014.0,MN,0.0,1.0,0.0,0.0,0.0,0.0,0.0,0.0,0.0,0.0,0.0,1.0,0.0,0.0,0.0,1.0,0.0,0.0,0.0,0.0,0.9950612187385559,0.522012404,0.134814404,-0.266979819,0.293939083,5.33,1.11
1994.0,MO,0.0,1.0,1.0,0.0,0.0,0.0,0.0,0.0,0.0,0.0,0.0,0.0,0.0,0.0,0.0,1.0,0.0,0.0,1.0,1.0,0.9986502528190613,0.434142415,0.059977046,0.4249974454,0.48918683,9.33,8.09
1998.0,MO,0.0,1.0,1.0,0.0,0.0,0.0,0.0,0.0,0.0,0.0,0.0,0.0,0.0,0.0,0.0,1.0,0.0,0.0,1.0,1.0,0.9770532846450806,0.439360757,0.251508571,0.4249974454,0.462148327,7.66,5.12
2004.0,MO,1.0,0.0,0.0,1.0,0.0,0.0,0.0,0.0,0.0,0.0,0.0,0.0,0.0,0.0,0.0,0.0,1.0,0.0,1.0,1.0,0.8678892850875854,0.442469997,0.209118531,0.176444313,0.4724119203333333,6.67,4.46
2007.0,MO,7.0,1.0,3.0,0.0,1.0,0.0,0.0,0.0,1.0,0.0,2.0,0.0,1.0,0.0,0.0,0.0,1.0,7.0,0.0,0.0,0.9718070179224014,0.531210435,0.328454315,0.30469712,0.469239032,7.47,4.6
2008.0,MO,0.0,1.0,0.0,0.0,0.0,0.0,0.0,0.0,0.0,0.0,0.0,1.0,0.0,0.0,0.0,1.0,0.0,0.0,0.0,0.0,0.996903121471405,0.529093557,0.40492517,0.601703984,0.489980671,6.87,6.23
2012.0,MO,1.0,0.0,0.0,0.0,0.0,0.0,0.0,0.0,0.0,1.0,0.0,0.0,0.0,0.0,0.0,1.0,0.0,0.0,0.0,0.0,0.9776597619056702,0.532493597,0.759524312,0.738838805,0.519972625,8.71,5.38
2016.0,MO,1.0,0.0,0.0,0.0,1.0,0.0,0.0,0.0,0.0,0.0,0.0,0.0,0.0,0.0,0.0,0.0,1.0,0.0,0.0,0.0,0.9822956919670105,0.536197292,0.680884463,1.045620143,0.5562559254999999,10.26,8.03
2017.0,MO,1.0,0.0,0.0,1.0,0.0,0.0,0.0,0.0,0.0,0.0,0.0,0.0,0.0,0.0,0.0,0.0,1.0,0.0,0.0,0.0,0.9825273156166077,0.41340249600000006,0.02062941220000001,0.8732676204,0.5261928059,10.91,9.72
1994.0,MS,0.0,4.0,1.0,0.0,0.0,1.0,0.0,0.0,1.0,0.0,0.0,0.0,0.0,0.0,1.0,4.0,0.0,0.0,0.0,0.0,0.9923957586288452,0.308383122,-1.025806194,0.2699396171999999,0.537482648,9.15,12.39
1998.0,MS,1.0,1.0,1.0,0.0,0.0,0.0,0.0,0.0,0.0,0.0,0.0,0.0,0.0,0.0,1.0,1.0,0.0,1.0,0.0,0.0,0.9764666557312012,0.294585447,-0.101233857,0.4224627114,0.434702718,8.76,8.01
2006.0,MS,1.0,0.0,0.0,0.0,1.0,0.0,0.0,0.0,0.0,0.0,0.0,0.0,0.0,0.0,0.0,0.0,1.0,0.0,0.0,0.0,0.9913480877876282,0.284187871,-0.276090664,1.247389175,0.4128183004,7.65,7.76
2016.0,MS,1.0,0.0,0.0,1.0,0.0,0.0,0.0,0.0,0.0,0.0,0.0,0.0,0.0,0.0,0.0,0.0,1.0,0.0,0.0,0.0,0.9918720126152039,0.337964941,-0.532068359,0.906146791,0.569575154,8.71,9.82
1991.0,MT,1.0,0.0,0.0,1.0,0.0,0.0,0.0,0.0,0.0,0.0,0.0,0.0,0.0,0.0,0.0,0.0,1.0,0.0,0.0,0.0,0.9707692265510559,0.761305127,2.199710055,0.9428225769999999,0.69440729,13.42,2.52
1994.0,MT,0.0,2.0,1.0,0.0,0.0,0.0,0.0,0.0,0.0,0.0,0.0,0.0,0.0,0.0,1.0,2.0,0.0,0.0,0.0,0.0,0.9986502528190613,0.908623922,2.095529524,0.8395382196,0.558806409,13.81,2.09
1995.0,MT,0.0,3.0,0.0,0.0,0.0,0.0,0.0,0.0,0.0,0.0,0.0,3.0,0.0,0.0,0.0,3.0,0.0,0.0,0.0,0.0,0.9370333353678385,0.905851713,2.070483098,0.6589945918000001,0.5222481756,15.270000000000001,2.63
1998.0,MT,1.0,1.0,1.0,0.0,0.0,0.0,0.0,0.0,0.0,0.0,0.0,0.0,0.0,0.0,1.0,1.0,0.0,1.0,0.0,0.0,0.9764666557312012,0.812539086,2.047912348,0.8395382196,0.617781155,11.08,1.58
2009.0,MT,1.0,0.0,0.0,0.0,1.0,0.0,0.0,0.0,0.0,0.0,0.0,0.0,0.0,0.0,0.0,0.0,1.0,0.0,0.0,0.0,0.904396653175354,0.953172044,2.434243877,2.430162701,0.597441652,12.81,2.41
1993.0,NC,0.0,2.0,0.0,0.0,0.0,1.0,0.0,0.0,1.0,0.0,0.0,0.0,0.0,0.0,0.0,2.0,0.0,0.0,0.0,0.0,0.9724619686603546,0.252101582,-0.334493561,0.26993961720000004,0.5825339835000001,8.24,8.12
1994.0,NC,0.0,1.0,1.0,0.0,0.0,0.0,0.0,0.0,0.0,0.0,0.0,0.0,0.0,0.0,0.0,1.0,0.0,0.0,0.0,0.0,0.9986502528190613,0.249690136,-0.333900905,0.3462893792,0.494490693,8.92,7.42
1995.0,NC,1.0,4.0,3.0,1.0,0.0,0.0,0.0,0.0,0.0,0.0,1.0,0.0,0.0,0.0,0.0,4.0,1.0,0.0,0.0,1.0,0.88384108543396,0.246862935,-0.200531214,0.48498398619999994,0.44020007850000004,8.26,6.480000000000001
1997.0,NC,2.0,0.0,0.0,0.0,0.0,0.0,2.0,0.0,0.0,0.0,0.0,0.0,0.0,0.0,0.0,0.0,0.0,2.0,0.0,1.0,0.9910633563995361,0.240601777,-0.042634009,0.4224627114,0.5147616205,7.93,5.61
1998.0,NC,0.0,1.0,1.0,0.0,0.0,0.0,0.0,0.0,0.0,0.0,0.0,0.0,0.0,0.0,0.0,1.0,0.0,0.0,0.0,1.0,0.9770532846450806,0.24508934,0.029707018,0.4249974454,0.453408962,7.09,5.48
2003.0,NC,0.0,2.0,0.0,0.0,0.0,0.0,0.0,0.0,0.0,0.0,0.0,2.0,0.0,0.0,0.0,2.0,0.0,0.0,0.0,1.0,0.9942321181297302,0.236280906,-0.281916107,-0.571276178,0.38566607,7.26,4.62
2011.0,NC,1.0,0.0,0.0,0.0,1.0,0.0,0.0,0.0,0.0,0.0,0.0,0.0,0.0,0.0,0.0,0.0,1.0,0.0,0.0,1.0,0.9353732466697693,0.187441798,-0.66059762,-0.955319678,0.500434184,7.28,4.0
2013.0,NC,1.0,0.0,0.0,0.0,0.0,0.0,0.0,0.0,0.0,0.0,1.0,0.0,0.0,0.0,0.0,0.0,1.0,0.0,0.0,1.0,0.9193665981292725,0.181251593,-0.355705433,-1.046292659,0.465539339,7.45,4.27
1994.0,ND,0.0,2.0,1.0,0.0,0.0,0.0,0.0,0.0,0.0,0.0,0.0,0.0,0.0,0.0,1.0,2.0,0.0,0.0,0.0,0.0,0.9986502528190613,0.745531158,0.508019841,0.194355371,0.502682215,7.52,0.49
1997.0,ND,0.0,2.0,0.0,0.0,0.0,0.0,0.0,0.0,0.0,0.0,0.0,2.0,0.0,0.0,0.0,2.0,0.0,0.0,0.0,0.0,0.9934303760528564,0.759539021,0.982405746,-0.1911854348,0.499842145,7.52,0.31
1998.0,ND,1.0,1.0,1.0,0.0,0.0,0.0,0.0,0.0,0.0,0.0,0.0,0.0,0.0,0.0,1.0,1.0,0.0,1.0,0.0,0.0,0.9764666557312012,0.744673762,1.016878704,-0.08917170160000001,0.472910266,5.89,0.75
2017.0,ND,1.0,0.0,0.0,1.0,0.0,0.0,0.0,0.0,0.0,0.0,0.0,0.0,0.0,0.0,0.0,0.0,1.0,0.0,0.2,0.0,0.9598091244697571,0.53865549,0.6316461752,1.0203524008,0.5745620589,11.99,6.0200000000000005
1991.0,NE,0.0,6.0,3.0,0.0,0.0,0.0,0.0,0.0,1.0,0.0,2.0,0.0,0.0,0.0,0.0,6.0,0.0,0.0,0.0,1.0,0.9802849690119425,0.45313940199999997,0.23765753999999997,-0.6672814332,0.628525315,7.39,1.93
1994.0,NE,0.0,3.0,1.0,0.0,0.0,0.0,0.0,0.0,2.0,0.0,0.0,0.0,0.0,0.0,0.0,2.0,1.0,0.0,0.0,1.0,0.9476217230161031,0.443129463,0.21039610499999997,-0.6493145102,0.49140557000000007,6.510000000000001,2.04
1998.0,NE,0.0,1.0,1.0,0.0,0.0,0.0,0.0,0.0,0.0,0.0,0.0,0.0,0.0,0.0,0.0,1.0,0.0,0.0,0.0,1.0,0.9770532846450806,0.454030268,0.252126413,-0.086616133,0.43614397299999996,6.82,1.95
2006.0,NE,1.0,0.0,0.0,0.0,0.0,0.0,0.0,0.0,0.0,0.0,1.0,0.0,0.0,0.0,0.0,0.0,1.0,0.0,0.0,1.0,0.9952821135520935,0.442233245,0.329074387,-0.901400448,0.45405404039999997,5.71,1.71
2007.0,NE,1.0,0.0,0.0,1.0,0.0,0.0,0.0,0.0,0.0,0.0,0.0,0.0,0.0,0.0,0.0,0.0,1.0,0.0,0.0,1.0,0.9740952253341675,0.440145899,0.324338147,-0.905982419,0.533507731,4.91,2.49
2012.0,NE,0.0,2.0,0.0,0.0,0.0,0.0,0.0,0.0,0.0,0.0,0.0,2.0,0.0,0.0,0.0,2.0,0.0,0.0,0.0,1.0,0.9745146036148071,0.455469883,0.396867095,-1.21493856,0.46681557300000004,6.16,2.6
1994.0,NH,0.0,2.0,1.0,0.0,0.0,0.0,0.0,0.0,0.0,0.0,0.0,0.0,0.0,0.0,1.0,2.0,0.0,0.0,0.0,0.0,0.9986502528190613,0.32758059,0.245385934,-0.0035663834000000173,0.4666598164000001,6.38,1.31
1995.0,NH,1.0,2.0,2.0,0.0,0.0,0.0,0.0,0.0,0.0,0.0,0.0,0.0,0.0,0.0,1.0,2.0,0.0,1.0,0.0,0.0,0.9970032771428426,0.329018931,-0.36563993,-0.418735168,0.49140556999999996,7.23,0.59
1998.0,NH,0.0,1.0,1.0,0.0,0.0,0.0,0.0,0.0,0.0,0.0,0.0,0.0,0.0,0.0,0.0,1.0,0.0,0.0,0.0,0.0,0.9770532846450806,0.341875226,-0.291686004,-0.086616133,0.44083853579999993,7.02,0.33
2000.0,NH,0.0,2.0,0.0,0.0,0.0,0.0,0.0,0.0,0.0,0.0,0.0,2.0,0.0,0.0,0.0,2.0,0.0,0.0,0.0,0.0,0.9928829669952393,0.414655465,-0.170041161,-0.062665049,0.4142377875,5.33,0.63
2001.0,NH,0.0,1.0,0.0,0.0,0.0,1.0,0.0,0.0,0.0,0.0,0.0,0.0,0.0,0.0,0.0,1.0,0.0,0.0,0.0,0.0,0.9960117340087891,0.403731331,-0.155701097,-0.027659549,0.289490032,6.28,0.7
2011.0,NH,1.0,0.0,0.0,0.0,1.0,0.0,0.0,0.0,0.0,0.0,0.0,0.0,0.0,0.0,0.0,0.0,1.0,0.0,0.0,0.0,0.9990197420120239,0.375193077,0.35800325,0.175929462,0.476109654,5.03,0.78
2017.0,NH,1.0,0.0,0.0,1.0,0.0,0.0,0.0,0.0,0.0,0.0,0.0,0.0,0.0,0.0,0.0,0.0,1.0,0.0,0.2,0.0,0.937468945980072,0.4351361610000001,0.3603438968,0.6210239578,0.5086138835,9.15,7.08
1992.0,NJ,0.0,1.0,0.0,0.0,0.0,1.0,0.0,0.0,0.0,0.0,0.0,0.0,0.0,0.0,0.0,1.0,0.0,0.0,0.0,1.0,0.9974910020828247,0.197372186,-1.398975494,-1.1780654393999999,0.29737471050000003,2.21,2.67
1994.0,NJ,0.0,1.0,1.0,0.0,0.0,0.0,0.0,0.0,0.0,0.0,0.0,0.0,0.0,0.0,0.0,1.0,0.0,0.0,0.0,1.0,0.9986502528190613,0.196651229,-1.486082399,-1.1780654393999999,0.150907307,2.3,2.71
1998.0,NJ,0.0,1.0,1.0,0.0,0.0,0.0,0.0,0.0,0.0,0.0,0.0,0.0,0.0,0.0,0.0,1.0,0.0,0.0,0.0,1.0,0.9770532846450806,0.190483494,-1.893376663,-1.1903373077999997,0.154083924,2.57,2.06
2001.0,NJ,0.0,2.0,0.0,0.0,0.0,0.0,0.0,0.0,2.0,0.0,0.0,0.0,0.0,0.0,0.0,0.0,2.0,0.0,0.0,1.0,0.9725594222545624,0.169831539,-1.656746791,-1.461003417,0.11669447,1.92,2.3
2004.0,NJ,0.0,2.0,0.0,0.0,0.0,0.0,0.0,0.0,0.0,0.0,0.0,2.0,0.0,0.0,0.0,2.0,0.0,0.0,0.0,1.0,0.9878381192684174,0.180888038,-1.56922988,-1.554817398,0.11781892533333334,2.08,3.1
2009.0,NJ,0.0,1.0,0.0,0.0,0.0,0.0,0.0,1.0,0.0,0.0,0.0,0.0,0.0,0.0,0.0,1.0,0.0,0.0,0.0,1.0,0.9849276542663574,0.176757776,-1.843219572,-1.538206898,0.122503138,1.86,2.74
2017.0,NJ,0.0,2.0,0.0,0.0,0.0,0.0,0.0,0.0,0.0,0.0,0.0,2.0,0.0,0.0,0.0,2.0,0.0,0.0,0.8,1.0,0.9870198965072632,0.1716096312,-1.212916036,-0.8741636646,0.22396906099999997,2.14,3.14
2019.0,NJ,0.0,2.0,0.0,0.0,0.0,0.0,0.0,0.0,0.0,0.0,0.0,2.0,0.0,0.0,0.0,2.0,0.0,0.0,0.6,0.4,0.8667416274547577,0.2914043244,-0.5171217904000001,-0.25674876440000005,0.34385549260000003,5.738,2.538
1994.0,NM,0.0,3.0,1.0,0.0,0.0,0.0,0.0,0.0,1.0,0.0,0.0,0.0,0.0,0.0,1.0,3.0,0.0,0.0,0.0,0.0,0.9971761703491211,0.365134595,0.053806517,1.0510170146,0.4869418341999999,12.13,6.25
1998.0,NM,1.0,1.0,1.0,0.0,0.0,0.0,0.0,0.0,0.0,0.0,0.0,0.0,0.0,0.0,1.0,1.0,0.0,1.0,0.0,0.0,0.9764666557312012,0.393323432,0.150540668,1.0033023422,0.47978378,9.96,5.23
2004.0,NM,1.0,0.0,0.0,1.0,0.0,0.0,0.0,0.0,0.0,0.0,0.0,0.0,0.0,0.0,0.0,0.0,1.0,0.0,0.0,0.0,0.9667387008666992,0.44646562,0.254093381,0.52260619,0.3748745293333333,10.26,4.27
2019.0,NM,0.0,3.0,2.0,0.0,0.0,0.0,0.0,0.0,0.0,0.0,0.0,1.0,0.0,0.0,0.0,3.0,0.0,0.0,0.8,0.2,0.9658637841542562,0.3656352488,-0.12296183820000002,0.1099816706,0.3976761688,5.738,2.538
1991.0,NV,0.0,1.0,0.0,0.0,0.0,1.0,0.0,0.0,0.0,0.0,0.0,0.0,0.0,0.0,0.0,1.0,0.0,0.0,0.0,0.0,0.996019184589386,0.269511031,1.203719412,1.332462165,0.673052528,17.46,7.15
1994.0,NV,0.0,1.0,1.0,0.0,0.0,0.0,0.0,0.0,0.0,0.0,0.0,0.0,0.0,0.0,0.0,1.0,0.0,0.0,0.0,0.0,0.9986502528190613,0.226080058,1.208158532,1.3324621650000001,0.5785931352,15.04,7.19
1995.0,NV,1.0,2.0,0.0,1.0,0.0,0.0,0.0,0.0,2.0,0.0,0.0,0.0,0.0,0.0,0.0,0.0,3.0,0.0,0.0,0.0,0.9950987299283346,0.232570696,1.178307525,1.3324621650000001,0.5575974283,17.12,6.8
1997.0,NV,0.0,2.0,2.0,0.0,0.0,0.0,0.0,0.0,0.0,0.0,0.0,0.0,0.0,0.0,0.0,2.0,0.0,0.0,0.0,0.0,0.9962422847747803,0.21642165,0.796678382,0.7889024990000001,0.544995377,15.57,6.13
1998.0,NV,0.0,1.0,1.0,0.0,0.0,0.0,0.0,0.0,0.0,0.0,0.0,0.0,0.0,0.0,0.0,1.0,0.0,0.0,0.0,0.0,0.9770532846450806,0.221137963,0.901564903,0.7889024990000001,0.45776350299999996,13.26,6.26
2003.0,NV,0.0,2.0,0.0,0.0,0.0,0.0,0.0,0.0,0.0,0.0,0.0,2.0,0.0,0.0,0.0,2.0,0.0,0.0,0.0,0.0,0.9977364540100098,0.183724211,0.213118946,-0.569634087,0.377492819,11.43,5.03
2007.0,NV,0.0,1.0,0.0,0.0,0.0,0.0,0.0,0.0,0.0,0.0,0.0,1.0,0.0,0.0,0.0,1.0,0.0,0.0,0.0,0.0,0.9817835688591003,0.20001261,0.307176613,-0.584598649,0.44650103,10.34,5.03
2011.0,NV,1.0,0.0,0.0,0.0,1.0,0.0,0.0,0.0,0.0,0.0,0.0,0.0,0.0,0.0,0.0,0.0,1.0,0.0,0.0,0.0,0.9837357401847839,0.197623029,0.201225969,-0.267210405,0.308443177,9.68,3.18
2015.0,NV,0.0,1.0,0.0,0.0,0.0,0.0,0.0,0.0,0.0,0.0,0.0,1.0,0.0,0.0,0.0,1.0,0.0,0.0,0.0,0.0,0.9972764849662781,0.202738498,0.166582876,-0.712498778,0.400815285,9.48,4.49
2019.0,NV,0.0,2.0,0.0,0.0,0.0,0.0,0.0,0.0,0.0,0.0,0.0,2.0,0.0,0.0,0.0,2.0,0.0,0.0,0.6,0.4,0.9920640587806702,0.2914043244,-0.5171217904,-0.25674876440000005,0.34385549260000003,5.4,4.540000000000001
2020.0,NV,0.0,2.0,2.0,0.0,0.0,0.0,0.0,0.0,0.0,0.0,0.0,0.0,0.0,0.0,0.0,2.0,0.0,0.0,0.8,0.2,0.9833239316940308,0.3656352488,-0.12296183819999998,0.1099816706,0.3976761688,5.91,4.192
1994.0,NY,0.0,1.0,1.0,0.0,0.0,0.0,0.0,0.0,0.0,0.0,0.0,0.0,0.0,0.0,0.0,1.0,0.0,0.0,1.0,1.0,0.9986502528190613,0.291700136,-1.350967267,-0.672467098,0.208753819,3.18,7.38
1996.0,NY,0.0,2.0,0.0,0.0,0.0,0.0,0.0,0.0,0.0,0.0,0.0,2.0,0.0,0.0,0.0,2.0,0.0,0.0,1.0,1.0,0.9531230926513672,0.266203563,-1.577945427,-1.065206754,0.1940646755,2.61,4.61
1998.0,NY,0.0,1.0,1.0,0.0,0.0,0.0,0.0,0.0,0.0,0.0,0.0,0.0,0.0,0.0,0.0,1.0,0.0,0.0,1.0,1.0,0.9770532846450806,0.278629056,-1.697915834,-1.1903373078000001,0.170813994,2.66,2.97
2000.0,NY,0.0,4.0,0.0,0.0,0.0,0.0,0.0,2.0,2.0,0.0,0.0,0.0,0.0,0.0,0.0,4.0,0.0,0.0,1.0,1.0,0.9911379814147949,0.298281893,-1.515278048,-1.397488283,0.21357371066666664,2.34,3.14
2006.0,NY,0.0,1.0,0.0,0.0,0.0,0.0,0.0,0.0,0.0,1.0,0.0,0.0,0.0,0.0,0.0,1.0,0.0,0.0,1.0,1.0,0.9835810661315918,0.260557256,-1.31751049,-1.358077951,0.191096881,2.09,2.96
2008.0,NY,0.0,2.0,0.0,0.0,0.0,0.0,0.0,0.0,0.0,0.0,0.0,2.0,0.0,0.0,0.0,0.0,2.0,0.0,1.0,1.0,0.9430201053619385,0.21292631,-1.400236698,-1.323228381,0.155566818,2.12,2.64
2013.0,NY,0.0,4.0,3.0,0.0,0.0,0.0,0.0,0.0,0.0,0.0,1.0,0.0,0.0,0.0,0.0,3.0,1.0,0.0,1.0,1.0,0.9904821515083313,0.226502948,-1.687166182,-1.415027736,0.237257904,2.18,1.91
2019.0,NY,0.0,5.0,2.0,0.0,0.0,1.0,0.0,0.0,0.0,0.0,0.0,2.0,0.0,0.0,0.0,5.0,0.0,0.0,0.8,0.2,0.9952726125717163,0.2644151642,-0.3767698386000001,0.2140986532,0.3962306874,6.337999999999999,4.638
1994.0,OH,0.0,1.0,1.0,0.0,0.0,0.0,0.0,0.0,0.0,0.0,0.0,0.0,0.0,0.0,0.0,1.0,0.0,0.0,0.0,0.0,0.9986502528190613,0.315315821,-0.55552049,-0.7366727568000001,0.437949643,6.18,3.68
1997.0,OH,1.0,0.0,1.0,0.0,0.0,0.0,0.0,0.0,0.0,0.0,0.0,0.0,0.0,0.0,0.0,0.0,1.0,0.0,0.0,0.0,0.9812387228012085,0.323500608,-0.413458629,-1.1139875458,0.3579100755,5.44,2.57
1998.0,OH,0.0,2.0,2.0,0.0,0.0,0.0,0.0,0.0,0.0,0.0,0.0,0.0,0.0,0.0,0.0,1.0,1.0,0.0,0.0,0.0,0.9770532846450806,0.332614087,-0.379834984,-0.7262952150000002,0.291653389,5.63,2.39
2004.0,OH,1.0,2.0,0.0,1.0,0.0,0.0,0.0,0.0,0.0,0.0,0.0,2.0,0.0,0.0,0.0,2.0,1.0,0.0,0.0,0.0,0.9144133726755778,0.305510797,-0.283222078,-0.247638783,0.3520789463333333,5.599999999999999,3.03
2008.0,OH,1.0,1.0,0.0,0.0,1.0,0.0,0.0,0.0,0.0,0.0,0.0,1.0,0.0,0.0,0.0,1.0,1.0,0.0,0.0,0.0,0.9883826971054077,0.305488868,-0.155972072,-0.401774925,0.377463867,5.74,3.68
1993.0,OK,0.0,1.0,0.0,0.0,0.0,0.0,0.0,0.0,1.0,0.0,0.0,0.0,0.0,0.0,0.0,1.0,0.0,0.0,0.0,0.0,0.9924888610839844,0.318082225,0.377385977,0.48498398619999994,0.6286497585,10.5,6.21
1994.0,OK,0.0,5.0,1.0,0.0,0.0,1.0,0.0,0.0,2.0,0.0,0.0,0.0,0.0,0.0,1.0,5.0,0.0,0.0,0.0,0.0,0.9960868000984192,0.316879693,0.403796347,0.48498398619999994,0.549242654,9.43,5.62
1995.0,OK,1.0,1.0,0.0,0.0,0.0,0.0,0.0,0.0,0.0,1.0,0.0,1.0,0.0,0.0,0.0,2.0,0.0,0.0,0.0,0.0,0.9643881022930145,0.294954866,0.200270267,0.5904327746,0.4831792907,10.09,4.84
1996.0,OK,1.0,0.0,0.0,1.0,0.0,0.0,0.0,0.0,0.0,0.0,0.0,0.0,0.0,0.0,0.0,0.0,1.0,0.0,0.0,0.0,0.9908017516136169,0.288238162,0.414469193,1.0033023422,0.5198535470000001,9.68,4.83
1998.0,OK,1.0,1.0,1.0,0.0,0.0,0.0,0.0,0.0,0.0,0.0,0.0,0.0,0.0,0.0,1.0,1.0,0.0,1.0,0.0,0.0,0.9764666557312012,0.297837646,0.528457341,0.5798065388,0.457731042,8.78,3.42
2006.0,OK,1.0,0.0,0.0,0.0,1.0,0.0,0.0,0.0,0.0,0.0,0.0,0.0,0.0,0.0,0.0,0.0,1.0,0.0,0.0,0.0,0.8203745484352112,0.284178287,0.282898186,0.867154983,0.469117674,8.55,4.25
2019.0,OK,1.0,0.0,0.0,1.0,0.0,0.0,0.0,0.0,0.0,0.0,0.0,0.0,0.0,0.0,0.0,0.0,1.0,0.0,0.2,0.2,0.9234976172447205,0.46756536239999996,0.3552380604,0.7951114522,0.5349462922,12.857999999999999,4.566
1994.0,OR,0.0,3.0,1.0,0.0,0.0,0.0,0.0,0.0,0.0,0.0,0.0,2.0,0.0,0.0,0.0,3.0,0.0,0.0,0.0,0.0,0.992453416188558,0.568600823,0.712118141,0.28413142700000005,0.459421919,9.87,3.56
1996.0,OR,1.0,0.0,0.0,0.0,0.0,0.0,0.0,0.0,0.0,0.0,0.0,0.0,0.0,0.0,1.0,0.0,0.0,1.0,0.0,0.0,0.9900307655334473,0.623578285,1.028911044,0.8395382196,0.5000858195,9.9,2.3
1998.0,OR,0.0,1.0,1.0,0.0,0.0,0.0,0.0,0.0,0.0,0.0,0.0,0.0,0.0,0.0,0.0,1.0,0.0,0.0,0.0,0.0,0.9770532846450806,0.627857272,1.06946587,0.8395382196,0.428845818,9.61,2.55
2001.0,OR,0.0,1.0,1.0,0.0,0.0,0.0,0.0,0.0,0.0,0.0,0.0,0.0,0.0,0.0,0.0,1.0,0.0,0.0,0.0,0.0,0.9788123965263367,0.61172784,0.89529655,0.333084052,0.391923162,7.93,1.35
2014.0,OR,0.0,1.0,0.0,0.0,0.0,0.0,0.0,0.0,0.0,0.0,0.0,1.0,0.0,0.0,0.0,1.0,0.0,0.0,0.0,0.0,0.9951502680778503,0.547914123,0.60142783,0.33240752,0.4383749398,9.79,1.33
2015.0,OR,0.0,2.0,2.0,0.0,0.0,0.0,0.0,0.0,0.0,0.0,0.0,0.0,0.0,0.0,0.0,2.0,0.0,0.0,1.0,0.0,0.9898568391799927,0.556358299,0.535734426,0.434360206,0.476776881,8.52,2.35
2016.0,OR,0.0,1.0,0.0,0.0,0.0,0.0,0.0,0.0,0.0,0.0,0.0,1.0,0.0,0.0,0.0,1.0,0.0,0.0,1.0,0.0,0.9956769347190857,0.543547621,0.538412741,0.686441867,0.457074772,9.32,1.92
2018.0,OR,0.0,2.0,0.0,0.0,0.0,0.0,0.0,0.0,0.0,0.0,0.0,2.0,0.0,0.0,0.0,2.0,0.0,0.0,0.4,0.0,0.9878495335578918,0.43175090879999994,0.3347405772,0.1638037418,0.4355884714,9.41,1.64
2019.0,OR,0.0,1.0,0.0,0.0,0.0,0.0,0.0,0.0,0.0,0.0,0.0,1.0,0.0,0.0,0.0,0.0,1.0,0.0,0.4,0.2,0.9328711628913879,0.4273551762,0.2563037558,0.6891358018,0.4468503062,8.398,4.068
2020.0,OR,0.0,1.0,0.0,0.0,0.0,0.0,0.0,0.0,0.0,0.0,0.0,1.0,0.0,0.0,0.0,1.0,0.0,0.0,0.4,0.2,0.9872909188270569,0.387708706,0.013713191400000001,0.6612411314,0.44951415190000005,5.91,4.192
1994.0,PA,0.0,1.0,1.0,0.0,0.0,0.0,0.0,0.0,0.0,0.0,0.0,0.0,0.0,0.0,0.0,1.0,0.0,0.0,0.0,0.0,0.9986502528190613,0.433189369,0.146215758,-0.44667976880000004,0.368269439,6.04,4.11
1995.0,PA,2.0,6.0,0.0,0.0,0.0,1.0,2.0,0.0,2.0,0.0,0.0,2.0,1.0,0.0,0.0,7.0,1.0,0.0,1.0,0.0,0.9167530834674835,0.43524631,0.083378086,-0.6672814332,0.4833069332,6.66,4.35
1998.0,PA,1.0,4.0,4.0,0.0,0.0,0.0,0.0,0.0,0.0,0.0,0.0,0.0,0.0,0.0,1.0,4.0,0.0,1.0,1.0,0.0,0.9856195449829102,0.434364884,0.03115171,-0.5364558248,0.343979383,6.08,3.72
2006.0,PA,0.0,2.0,0.0,0.0,0.0,0.0,0.0,0.0,0.0,0.0,0.0,2.0,0.0,0.0,0.0,2.0,0.0,0.0,1.0,0.0,0.9805164337158203,0.454240265,0.256622059,0.288115243,0.325146509,5.58,4.96
2011.0,PA,1.0,0.0,0.0,0.0,1.0,0.0,0.0,0.0,0.0,0.0,0.0,0.0,0.0,0.0,0.0,0.0,1.0,0.0,1.0,0.0,0.8662337064743042,0.435810945,0.002677506,0.454705544,0.357389157,6.45,4.21
1994.0,RI,0.0,1.0,1.0,0.0,0.0,0.0,0.0,0.0,0.0,0.0,0.0,0.0,0.0,0.0,0.0,1.0,0.0,0.0,1.0,1.0,0.9986502528190613,0.172559518,-1.065434519,-1.1139875458,0.28567980229999995,2.52,2.46
1995.0,RI,0.0,1.0,0.0,0.0,0.0,1.0,0.0,0.0,0.0,0.0,0.0,0.0,0.0,0.0,0.0,1.0,0.0,0.0,1.0,1.0,0.9980514049530029,0.175007382,-1.400156926,-1.1139875458,0.2725843014,3.32,2.19
1998.0,RI,0.0,1.0,1.0,0.0,0.0,0.0,0.0,0.0,0.0,0.0,0.0,0.0,0.0,0.0,0.0,1.0,0.0,0.0,1.0,1.0,0.9770532846450806,0.173810598,-1.614225294,-1.2606363995999998,0.2158761202,2.42,0.98
1999.0,RI,0.0,2.0,0.0,0.0,0.0,0.0,0.0,0.0,2.0,0.0,0.0,0.0,0.0,0.0,0.0,0.0,2.0,0.0,1.0,1.0,0.9214740991592407,0.175391413,-1.198207149,-1.307653668,0.127507526,3.29,2.02
2005.0,RI,0.0,1.0,0.0,0.0,0.0,0.0,0.0,0.0,0.0,0.0,0.0,1.0,0.0,0.0,0.0,1.0,0.0,0.0,1.0,1.0,0.9922946691513062,0.170363782,-1.577338595,-1.301792044,0.16270571336666667,1.68,1.84
2017.0,RI,0.0,1.0,0.0,0.0,0.0,0.0,0.0,0.0,0.0,0.0,0.0,1.0,0.0,0.0,0.0,0.0,1.0,0.0,0.6,0.8,0.9975066781044006,0.24387791539999998,-0.8913272388,-0.7478039814,0.2400700461,2.87,0.98
2018.0,RI,0.0,2.0,0.0,0.0,0.0,0.0,0.0,0.0,0.0,0.0,0.0,2.0,0.0,0.0,0.0,2.0,0.0,0.0,0.8,1.0,0.9938229322433472,0.1716096312,-1.212916036,-0.8741636646,0.22396906099999997,2.05,1.16
1994.0,SC,0.0,1.0,1.0,0.0,0.0,0.0,0.0,0.0,0.0,0.0,0.0,0.0,0.0,0.0,0.0,1.0,0.0,0.0,0.0,0.0,0.9986502528190613,0.244816766,-0.928080415,0.3462893792,0.532134061,8.96,7.23
1996.0,SC,1.0,0.0,0.0,1.0,0.0,0.0,0.0,0.0,0.0,0.0,0.0,0.0,0.0,0.0,0.0,0.0,1.0,0.0,0.0,0.0,0.9748117327690125,0.238276864,-0.716574264,0.4224627114,0.47449981350000003,9.25,6.45
1998.0,SC,2.0,1.0,1.0,0.0,0.0,0.0,0.0,0.0,2.0,0.0,0.0,0.0,0.0,0.0,0.0,1.0,2.0,0.0,0.0,0.0,0.7281061212221781,0.232411534,-0.606894684,0.4224627114,0.37358426299999997,8.35,5.8
2006.0,SC,1.0,0.0,0.0,0.0,1.0,0.0,0.0,0.0,0.0,0.0,0.0,0.0,0.0,0.0,0.0,0.0,1.0,0.0,0.0,0.0,0.9710030555725098,0.304822497,-0.782366655,-0.31970863,0.378914279,7.01,6.25
2012.0,SC,2.0,0.0,0.0,0.0,0.0,0.0,1.0,1.0,0.0,0.0,0.0,0.0,0.0,0.0,0.0,0.0,0.0,2.0,0.0,0.0,0.9953219592571259,0.343640002,-0.53022158,-0.252723637,0.478063551,8.5,5.91
2013.0,SC,0.0,1.0,0.0,0.0,0.0,0.0,0.0,0.0,0.0,0.0,0.0,1.0,0.0,0.0,0.0,1.0,0.0,0.0,0.0,0.0,0.9980393052101135,0.266928942,-0.434369648,-0.350508393,0.540648903,9.23,5.31
2015.0,SC,0.0,1.0,0.0,0.0,0.0,0.0,0.0,0.0,0.0,0.0,0.0,1.0,0.0,0.0,0.0,1.0,0.0,0.0,0.0,0.0,0.9929560422897339,0.272676968,-0.398801859,-0.238913278,0.452155191,9.17,7.55
1994.0,SD,0.0,2.0,1.0,0.0,0.0,0.0,0.0,0.0,1.0,0.0,0.0,0.0,0.0,0.0,0.0,2.0,0.0,0.0,0.0,0.0,0.9980675280094147,0.76690126,0.388564037,0.2735051912,0.570945451,9.11,0.55
1998.0,SD,0.0,1.0,1.0,0.0,0.0,0.0,0.0,0.0,0.0,0.0,0.0,0.0,0.0,0.0,0.0,1.0,0.0,0.0,0.0,0.0,0.9770532846450806,0.657854361,0.537264386,0.8395382196,0.455028406,9.54,0.37
2006.0,SD,1.0,0.0,0.0,0.0,1.0,0.0,0.0,0.0,0.0,0.0,0.0,0.0,0.0,0.0,0.0,0.0,1.0,0.0,0.0,0.0,0.87400221824646,0.57017202,1.08710941,1.571870642,0.49341490720000003,8.96,0.34
2009.0,SD,1.0,0.0,0.0,0.0,0.0,0.0,0.0,0.0,0.0,0.0,0.0,0.0,0.0,0.0,1.0,0.0,0.0,1.0,0.0,0.0,0.9758800268173218,0.588190071,0.984842224,1.716901436,0.603099227,7.54,1.28
2019.0,SD,1.0,0.0,0.0,1.0,0.0,0.0,0.0,0.0,0.0,0.0,0.0,0.0,0.0,0.0,0.0,0.0,1.0,0.0,0.2,0.2,0.8912475109100342,0.46756536239999996,0.3552380604,0.7951114521999998,0.5349462922,12.858,4.566
1994.0,TN,0.0,2.0,1.0,0.0,0.0,1.0,0.0,0.0,0.0,0.0,0.0,0.0,0.0,0.0,0.0,2.0,0.0,0.0,1.0,0.0,0.9978252649307251,0.409364405,-0.477373917,0.48498398619999994,0.506513221,9.62,7.03
1996.0,TN,1.0,0.0,0.0,1.0,0.0,0.0,0.0,0.0,0.0,0.0,0.0,0.0,0.0,0.0,0.0,0.0,1.0,0.0,1.0,0.0,0.767850399017334,0.400907561,-0.133410448,0.4224627114,0.48222465299999995,9.08,6.54
1997.0,TN,1.0,0.0,0.0,0.0,0.0,0.0,0.0,0.0,0.0,1.0,0.0,0.0,0.0,0.0,0.0,1.0,0.0,0.0,1.0,0.0,0.7565600872039795,0.398918604,-0.091382959,0.4224627114,0.5262604385,9.07,7.4
1998.0,TN,2.0,2.0,3.0,0.0,0.0,0.0,0.0,0.0,0.0,0.0,0.0,0.0,0.0,0.0,1.0,2.0,0.0,2.0,1.0,0.0,0.9731018841266632,0.39180724,0.25883004,0.374211054,0.439412985,9.15,6.1
2007.0,TN,1.0,0.0,0.0,0.0,1.0,0.0,0.0,0.0,0.0,0.0,0.0,0.0,0.0,0.0,0.0,0.0,1.0,0.0,0.0,0.0,0.7186472415924072,0.412750456,-0.083970432,0.200769647,0.471954748,8.55,5.61
2009.0,TN,1.0,1.0,1.0,0.0,0.0,0.0,0.0,0.0,0.0,0.0,0.0,1.0,0.0,0.0,0.0,1.0,1.0,0.0,0.0,0.0,0.9883351027965546,0.352820549,-0.012525414,0.370272819,0.427551612,8.81,5.56
1994.0,TX,0.0,2.0,1.0,0.0,0.0,0.0,0.0,0.0,0.0,0.0,0.0,0.0,0.0,0.0,1.0,2.0,0.0,0.0,0.0,0.0,0.9986502528190613,0.279223236,-0.32833709,0.48498398619999994,0.456218062,9.37,8.0
1995.0,TX,0.0,1.0,0.0,0.0,0.0,1.0,0.0,0.0,0.0,0.0,0.0,0.0,0.0,0.0,0.0,1.0,0.0,0.0,0.0,0.0,0.9987210631370544,0.279102177,-0.535953205,0.3462893792,0.48706004499999994,8.25,6.18
1996.0,TX,1.0,0.0,0.0,1.0,0.0,0.0,0.0,0.0,0.0,0.0,0.0,0.0,0.0,0.0,0.0,0.0,1.0,0.0,0.0,0.0,0.9784693121910095,0.273383709,-0.434588209,0.4224627114,0.48583925650000004,8.0,5.15
1997.0,TX,1.0,0.0,0.0,0.0,0.0,0.0,0.0,0.0,0.0,1.0,0.0,0.0,0.0,0.0,0.0,0.0,1.0,0.0,0.0,0.0,0.956433892250061,0.246396327,-0.489959733,0.4372693138,0.534736919,7.32,4.58
1998.0,TX,1.0,1.0,1.0,0.0,0.0,0.0,0.0,0.0,0.0,0.0,0.0,0.0,0.0,0.0,1.0,1.0,0.0,1.0,0.0,0.0,0.9764666557312012,0.24325623,-0.425724691,0.2113542194,0.43736693,7.2,4.48
2001.0,TX,0.0,1.0,0.0,0.0,0.0,0.0,0.0,0.0,0.0,0.0,0.0,1.0,0.0,0.0,0.0,0.0,1.0,0.0,0.0,0.0,0.9899768233299255,0.237846556,-0.541996946,-0.288460568,0.365700842,6.85,3.91
2007.0,TX,1.0,0.0,0.0,0.0,1.0,0.0,0.0,0.0,0.0,0.0,0.0,0.0,0.0,0.0,0.0,0.0,1.0,0.0,0.0,0.0,0.9657883644104004,0.239764975,-0.540671333,-0.272955721,0.435748781,6.16,4.22
2008.0,TX,0.0,1.0,0.0,0.0,0.0,0.0,0.0,0.0,0.0,0.0,0.0,1.0,0.0,0.0,0.0,1.0,0.0,0.0,0.0,0.0,0.9766268134117126,0.243038896,-0.549760959,-0.206359951,0.319171867,6.44,4.04
1993.0,UT,2.0,1.0,0.0,0.0,0.0,1.0,0.0,0.0,2.0,0.0,0.0,0.0,0.0,0.0,0.0,3.0,0.0,0.0,0.0,0.0,0.9961042801539103,0.488311347,-0.415396328,0.19435537099999997,0.53781678,8.7,1.38
1994.0,UT,2.0,2.0,2.0,0.0,1.0,0.0,0.0,0.0,0.0,1.0,0.0,0.0,0.0,0.0,0.0,2.0,2.0,0.0,0.0,0.0,0.9807769060134888,0.43917376,-0.476586618,0.27350519120000005,0.5082192273999999,9.64,2.04
1995.0,UT,1.0,1.0,0.0,1.0,0.0,0.0,0.0,0.0,0.0,0.0,0.0,1.0,0.0,0.0,0.0,1.0,1.0,0.0,0.0,0.0,0.9341519176959991,0.442743579,-0.125459971,0.6365212294,0.4990568894,8.47,2.4
1998.0,UT,0.0,3.0,3.0,0.0,0.0,0.0,0.0,0.0,0.0,0.0,0.0,0.0,0.0,0.0,0.0,3.0,0.0,0.0,0.0,0.0,0.9804524381955465,0.438271184,-0.027364371,0.8395382196,0.456196206,10.13,1.34
1999.0,UT,0.0,2.0,0.0,0.0,0.0,0.0,0.0,0.0,0.0,0.0,0.0,2.0,0.0,0.0,0.0,2.0,0.0,0.0,0.0,0.0,0.9881183505058289,0.412715452,-0.196301991,-0.049887206,0.476546359,7.78,1.39
2000.0,UT,1.0,1.0,0.0,0.0,0.0,0.0,0.0,0.0,0.0,0.0,0.0,2.0,0.0,0.0,0.0,1.0,0.0,1.0,0.0,0.0,0.9843930602073669,0.382728464,0.130184619,-0.154756957,0.551705627,9.06,0.71
2018.0,UT,0.0,2.0,0.0,0.0,0.0,0.0,0.0,0.0,0.0,0.0,0.0,2.0,0.0,0.0,0.0,2.0,0.0,0.0,0.4,0.0,0.9484462738037109,0.513077631,0.6477711018,0.2258384074,0.47727259480000006,11.3,1.08
1991.0,VA,2.0,0.0,0.0,0.0,0.0,0.0,0.0,0.0,0.0,2.0,0.0,0.0,0.0,0.0,0.0,2.0,0.0,0.0,0.0,0.0,0.9963636994361877,0.358518238,0.194302426,0.48498398619999994,0.5277654325,8.84,5.54
1992.0,VA,0.0,1.0,0.0,0.0,0.0,1.0,0.0,0.0,0.0,0.0,0.0,0.0,0.0,0.0,0.0,1.0,0.0,0.0,0.0,0.0,0.9968448877334595,0.370747162,0.080587105,0.48498398619999994,0.4855475707,8.98,5.84
1993.0,VA,0.0,2.0,0.0,0.0,0.0,0.0,0.0,1.0,1.0,0.0,0.0,0.0,0.0,0.0,0.0,2.0,0.0,0.0,0.0,0.0,0.9976044297218323,0.360868417,-0.113223649,0.48498398619999994,0.41658861550000004,8.25,5.8
1994.0,VA,0.0,1.0,1.0,0.0,0.0,0.0,0.0,0.0,0.0,0.0,0.0,0.0,0.0,0.0,0.0,1.0,0.0,0.0,0.0,0.0,0.9986502528190613,0.360729349,-0.122792518,0.48498398619999994,0.429027151,8.42,5.96
1995.0,VA,1.0,0.0,0.0,1.0,0.0,0.0,0.0,0.0,0.0,0.0,0.0,0.0,0.0,0.0,0.0,0.0,1.0,0.0,0.0,0.0,0.9954507946968079,0.361807275,-0.200952576,0.4372693138,0.5019432137,8.32,5.15
1997.0,VA,0.0,1.0,0.0,0.0,0.0,0.0,0.0,0.0,0.0,0.0,0.0,1.0,0.0,0.0,0.0,1.0,0.0,0.0,0.0,0.0,0.9986923336982727,0.348931698,-0.15051267,0.4372693138,0.473135099,7.39,5.2
1998.0,VA,0.0,1.0,1.0,0.0,0.0,0.0,0.0,0.0,0.0,0.0,0.0,0.0,0.0,0.0,0.0,1.0,0.0,0.0,0.0,0.0,0.9770532846450806,0.34110952,-0.39866814,0.25739070480000004,0.375425377,7.74,4.13
2004.0,VA,1.0,0.0,0.0,0.0,0.0,0.0,1.0,0.0,0.0,0.0,0.0,0.0,0.0,0.0,0.0,0.0,0.0,1.0,0.0,0.0,0.9993636012077332,0.321961047,-0.264830655,-0.250646443,0.3700492856666666,6.55,3.89
2008.0,VA,0.0,1.0,0.0,0.0,0.0,0.0,0.0,0.0,0.0,0.0,0.0,1.0,0.0,0.0,0.0,1.0,0.0,0.0,0.0,0.0,0.9984482526779175,0.308146736,-0.109749192,-0.169497431,0.328034515,6.51,3.17
2012.0,VA,1.0,0.0,0.0,0.0,0.0,0.0,0.0,1.0,0.0,0.0,0.0,0.0,0.0,0.0,0.0,0.0,0.0,1.0,0.0,0.0,0.9758800268173218,0.300814593,-0.260511995,-0.057158969,0.4157643786666667,6.99,2.7
2016.0,VA,0.0,1.0,0.0,0.0,0.0,0.0,0.0,0.0,0.0,0.0,0.0,1.0,0.0,0.0,0.0,1.0,0.0,0.0,0.0,0.0,0.9936390519142151,0.308196003,-0.168454987,0.078307894,0.35489207300000003,7.44,4.28
1994.0,VT,0.0,2.0,1.0,0.0,0.0,0.0,0.0,0.0,0.0,0.0,0.0,0.0,0.0,0.0,1.0,2.0,0.0,0.0,0.0,0.0,0.9986502528190613,0.471243686,0.942730159,-0.418735168,0.478332024,6.59,0.32
1998.0,VT,1.0,1.0,1.0,0.0,0.0,0.0,0.0,0.0,0.0,0.0,0.0,0.0,0.0,0.0,1.0,1.0,0.0,1.0,0.0,0.0,0.9764666557312012,0.523712565,0.549162964,0.8395382196,0.413373254,9.37,0.64
2001.0,VT,0.0,1.0,0.0,0.0,0.0,0.0,0.0,0.0,0.0,0.0,0.0,1.0,0.0,0.0,0.0,1.0,0.0,0.0,0.0,0.0,0.9847679734230042,0.542100831,1.105445786,-0.006617063,0.41813101,6.76,1.12
2018.0,VT,0.0,6.0,2.0,0.0,0.0,0.0,0.0,0.0,2.0,0.0,0.0,2.0,0.0,0.0,0.0,6.0,0.0,0.0,0.8,0.0,0.9143213629722595,0.405866684,0.26806021879999997,0.6599024624000001,0.4521859506,10.45,1.74
1994.0,WA,2.0,5.0,1.0,0.0,0.0,0.0,0.0,0.0,4.0,0.0,0.0,2.0,0.0,0.0,0.0,6.0,1.0,0.0,0.0,0.0,0.9664860793522426,0.350524177,0.853345173,0.30254980859999997,0.383537681,8.33,3.65
1998.0,WA,0.0,1.0,1.0,0.0,0.0,0.0,0.0,0.0,0.0,0.0,0.0,0.0,0.0,0.0,0.0,1.0,0.0,0.0,0.0,0.0,0.9770532846450806,0.317956188,0.335244622,0.30313317000000006,0.430752071,6.73,2.4
2005.0,WA,0.0,1.0,0.0,0.0,0.0,0.0,0.0,0.0,0.0,0.0,0.0,1.0,0.0,0.0,0.0,0.0,1.0,0.0,0.0,0.0,0.9948467016220093,0.37320676,0.226154048,-0.2723024,0.3441055199,6.16,2.19
2014.0,WA,1.0,5.0,3.0,0.0,0.0,0.0,0.0,0.0,0.0,0.0,0.0,1.0,1.0,0.0,1.0,4.0,2.0,0.0,1.0,0.0,0.9849514762560526,0.305250428,0.169877992,-0.088545622,0.279556509,7.46,1.74
2017.0,WA,0.0,2.0,0.0,0.0,0.0,0.0,0.0,0.0,0.0,0.0,0.0,2.0,0.0,0.0,0.0,2.0,0.0,0.0,0.4,0.0,0.9934787452220917,0.43175090879999994,0.3347405772,0.1638037418,0.41167668520000006,8.15,2.26
2019.0,WA,0.0,4.0,0.0,0.0,0.0,1.0,0.0,0.0,1.0,0.0,0.0,0.0,0.0,1.0,1.0,3.0,1.0,0.0,0.8,0.4,0.9814382791519165,0.28352942859999997,-0.5317361406000001,-0.20806186920000008,0.34942225520000003,5.4,4.54
1991.0,WI,0.0,2.0,1.0,0.0,0.0,0.0,1.0,0.0,0.0,0.0,0.0,0.0,0.0,0.0,0.0,2.0,0.0,0.0,0.0,0.0,0.9435475468635559,0.585571876,-0.605713736,-0.6493145102,0.4763046045,6.74,2.75
1992.0,WI,0.0,1.0,0.0,0.0,0.0,1.0,0.0,0.0,0.0,0.0,0.0,0.0,0.0,0.0,0.0,1.0,0.0,0.0,0.0,0.0,0.9180349707603455,0.596897768,-0.551049142,-0.7854535485999999,0.4389817861,6.11,2.91
1994.0,WI,0.0,2.0,1.0,0.0,0.0,0.0,0.0,0.0,0.0,0.0,0.0,1.0,0.0,0.0,0.0,2.0,0.0,0.0,0.0,0.0,0.9501107931137085,0.573440835,-0.567791539,-0.0035663833999999726,0.465168561,6.68,2.76
1996.0,WI,0.0,1.0,0.0,0.0,0.0,0.0,0.0,0.0,0.0,0.0,0.0,1.0,0.0,0.0,0.0,1.0,0.0,0.0,0.0,0.0,0.9922943115234375,0.617169878,-0.484849352,-0.0035663833999999726,0.462877721,6.44,2.63
1998.0,WI,0.0,2.0,1.0,0.0,0.0,0.0,0.0,0.0,1.0,0.0,0.0,0.0,0.0,0.0,0.0,2.0,0.0,0.0,0.0,0.0,0.9863370358943939,0.587712446,-0.399320898,-0.39331568640000003,0.612812469,5.87,2.13
2002.0,WI,0.0,1.0,0.0,0.0,0.0,0.0,0.0,0.0,0.0,0.0,0.0,1.0,0.0,0.0,0.0,0.0,1.0,0.0,0.0,0.0,0.9826779961585999,0.673847748,-0.131379907,-0.006011216,0.3989991785,5.55,2.25
2010.0,WI,0.0,2.0,0.0,0.0,0.0,0.0,0.0,0.0,0.0,0.0,0.0,2.0,0.0,0.0,0.0,1.0,1.0,0.0,0.0,0.0,0.978610098361969,0.694148943,-0.034283182,-0.26240956,0.43719982150000003,6.35,1.89
2011.0,WI,2.0,0.0,0.0,1.0,1.0,0.0,0.0,0.0,0.0,0.0,0.0,0.0,0.0,0.0,0.0,0.0,2.0,0.0,0.0,0.0,0.9147693514823914,0.70305196,-0.030160796,-0.126804422,0.429247479,5.97,1.6
2015.0,WI,1.0,0.0,0.0,0.0,0.0,0.0,0.0,0.0,0.0,0.0,0.0,0.0,0.0,0.0,1.0,0.0,0.0,1.0,0.0,0.0,0.9758800268173218,0.699406523,0.193508049,-0.029879057,0.516254852,6.9,3.18
1994.0,WV,0.0,4.0,1.0,0.0,0.0,0.0,0.0,0.0,2.0,0.0,0.0,0.0,0.0,0.0,1.0,4.0,0.0,0.0,0.0,0.0,0.9923987984657288,0.595320974,-0.020362421,0.48498398620000005,0.46790898310000006,9.73,4.7
1998.0,WV,1.0,1.0,1.0,0.0,0.0,0.0,0.0,0.0,0.0,0.0,0.0,0.0,0.0,0.0,1.0,1.0,0.0,1.0,0.0,0.0,0.9764666557312012,0.358855323,0.543126231,0.5798065388,0.45800429219999994,8.47,3.27
2000.0,WV,0.0,1.0,0.0,0.0,0.0,0.0,0.0,0.0,0.0,0.0,0.0,1.0,0.0,0.0,0.0,1.0,0.0,0.0,0.0,0.0,0.9829227924346924,0.359140005,0.722079018,1.921086966,0.5636489689999999,9.2,3.11
2001.0,WV,0.0,1.0,0.0,0.0,0.0,0.0,0.0,0.0,0.0,0.0,0.0,1.0,0.0,0.0,0.0,0.0,1.0,0.0,0.0,0.0,0.9868321418762207,0.588163181,0.90937617,2.148164243,0.53240092,10.09,2.09
2008.0,WV,1.0,0.0,0.0,0.0,1.0,0.0,0.0,0.0,0.0,0.0,0.0,0.0,0.0,0.0,0.0,0.0,1.0,0.0,0.0,0.0,0.9958378076553345,0.566249389,0.882334404,1.817741111,0.524035145,8.82,2.15
2012.0,WV,0.0,1.0,0.0,0.0,0.0,0.0,0.0,0.0,0.0,0.0,0.0,1.0,0.0,0.0,0.0,1.0,0.0,0.0,0.0,0.0,0.9885856509208679,0.574174732,0.870958933,2.127033519,0.5678423946666666,10.03,3.97
2016.0,WV,1.0,0.0,0.0,1.0,0.0,0.0,0.0,0.0,0.0,0.0,0.0,0.0,0.0,0.0,0.0,0.0,1.0,0.0,0.0,0.0,0.9893044233322144,0.560737982,1.074304395,2.075071981,0.607032822,12.12,4.62
1994.0,WY,1.0,2.0,1.0,1.0,0.0,0.0,0.0,0.0,0.0,0.0,0.0,0.0,0.0,0.0,1.0,2.0,1.0,0.0,0.0,0.0,0.9151404698689779,0.604462081,2.504589328,1.2242677274,0.5222481756,16.1,3.23
1998.0,WY,1.0,1.0,1.0,0.0,0.0,0.0,0.0,0.0,0.0,0.0,0.0,0.0,0.0,0.0,1.0,1.0,0.0,1.0,0.0,0.0,0.9764666557312012,0.598688437,2.625872868,0.8395382196,0.4830228905,11.78,1.4
2008.0,WY,1.0,0.0,0.0,0.0,1.0,0.0,0.0,0.0,0.0,0.0,0.0,0.0,0.0,0.0,0.0,0.0,1.0,0.0,0.0,0.0,0.9919238686561584,0.560387256,3.031595719,1.915723408,0.582073329,15.81,2.55
2009.0,WY,0.0,1.0,1.0,0.0,0.0,0.0,0.0,0.0,0.0,0.0,0.0,0.0,0.0,0.0,0.0,1.0,0.0,0.0,0.0,0.0,0.9976462721824646,0.553433499,3.058250804,1.7353828,0.587478966,14.92,1.87
2010.0,WY,0.0,4.0,0.0,0.0,0.0,0.0,0.0,0.0,2.0,0.0,0.0,2.0,0.0,0.0,0.0,4.0,0.0,0.0,0.0,0.0,0.7520520836114883,0.560767597,2.996838188,1.532140016,0.5404380695,13.76,2.8200000000000003
2011.0,WY,1.0,0.0,0.0,1.0,0.0,0.0,0.0,0.0,0.0,0.0,0.0,0.0,0.0,0.0,0.0,0.0,1.0,0.0,0.0,0.0,0.9648388624191284,0.542044605,2.885945339,1.627117062,0.50607756,14.58,2.16
2018.0,WY,1.0,0.0,0.0,0.0,1.0,0.0,0.0,0.0,0.0,0.0,0.0,0.0,0.0,0.0,0.0,0.0,1.0,0.0,0.2,0.0,0.7591668367385864,0.5871771640000001,1.5406595374,1.3756716968,0.5724535422,18.05,2.46
